bdb_cid,smiles,mw,alogp,tpsa,hbd,hba,rotb,rings,arom_rings,fsp3,formal_charge,heavy_atoms,globularity_proxy,scaffold
16,[O-]S(=O)(=O)[O-].[Mg+2],120.37,-1.7188,80.25999999999999,0,4,0,0,0,0.0,0,6,0.0,
32,CC(C)CC(=O)C1=C(C(=C(C(C1=O)(CC=C(C)C)CC=C(C)C)O)CC=C(C)C)O,414.59,6.8638,74.60000000000001,2,4,9,1,0,0.5384615384615384,0,30,0.2,O=C1C=CC=CC1
36,CC(C)CC(=O)C1=C(C(=C(C(C1=O)(CC=C(C)C)O)O)CC=C(C)C)O,362.47,4.2522,94.83000000000001,3,5,7,1,0,0.5238095238095238,0,26,0.23076923076923078,O=C1C=CC=CC1
37,C1=CC=C(C=C1)C(C(=O)C2=CC=CC=C2)O,212.25,2.6029,37.3,1,2,3,2,2,0.07142857142857142,0,16,0.75,O=C(Cc1ccccc1)c1ccccc1
38,COC1=CC2=C(C=CN=C2C=C1)C(C3CC4CCN3CC4C=C)O,324.42,3.1732,45.59,1,4,4,5,2,0.45,0,24,0.75,c1ccc2c(CC3CC4CCN3CC4)ccnc2c1
41,CC1C2CCC(C3C4C5C=C(C6(C4C(=C3C2OC1=O)C)C5C(CCC7C6OC(=O)C7C)(C)O)C)(C)O,496.64,3.8024,93.06,2,6,0,7,0,0.8,0,36,0.7222222222222222,O=C1CC2CCCC3C(=CC4C3C3C=CC45C3CCCC3CC(=O)OC35)C2O1
42,CC1C2CCC3(C4(O3)CC=C(C4C2OC1=O)C)C,248.32,2.4518,38.83,0,3,0,4,0,0.8,0,18,0.7777777777777778,O=C1CC2CCC3OC34CC=CC4C2O1
43,CC1=CCC23C1C4C(CCC2(O3)C)C(=C)C(=O)O4,246.31,2.3719,38.83,0,3,0,4,0,0.6666666666666666,0,18,0.7777777777777778,C=C1C(=O)OC2C1CCC1OC13CC=CC23
44,COC1=CC=CC2=C3C(=C(C=C21)[N+](=O)[O-])C(=CC4=C3OCO4)C(=O)O,341.28,3.3367,108.13000000000001,1,6,3,4,3,0.11764705882352941,0,25,0.68,c1ccc2c(c1)ccc1ccc3c(c12)OCO3
45,CC1=CC2C(CCC(=C)C(CC1)O)C(=C)C(=O)O2,248.32,2.5216,46.53,1,3,0,2,0,0.5333333333333333,0,18,0.7222222222222222,C=C1CCCC=CC2OC(=O)C(=C)C2CC1
46,CN1C=NC2=C1C(=O)N(C(=O)N2C)C,194.19,-1.0293,61.82,0,6,0,2,2,0.375,0,14,0.6428571428571429,O=c1[nH]c(=O)c2[nH]cnc2[nH]1
48,CC1C(CC2(C(C1(CC(C3=COC=C3)O)C=O)CCC(C2(C)O)O)C)OC(=O)C,408.49,2.3881,117.20000000000002,3,7,5,3,1,0.7272727272727273,0,29,0.5172413793103449,c1cc(CCC2CCCC3CCCCC32)co1
49,C1=CC=C2C(=C1)C=CC(=O)O2,146.14,1.793,30.21,0,2,0,2,2,0.0,0,11,0.9090909090909091,O=c1ccc2ccccc2o1
50,CC(=O)OC(C)(C)C=CC(=O)C(C)(C1C(CC2(C1(CC(=O)C3(C2CC=C4C3CC(C(=O)C4(C)C)O)C)C)C)O)O,558.71,3.4993,138.20000000000002,3,8,5,4,0,0.75,0,40,0.425,O=C1CCC2C(=CCC3C4CCCC4CC(=O)C23)C1
51,CCCCCCCC=CC(C#CC#CC(C=C)O)O,260.38,2.8177,40.46,2,2,8,0,0,0.5294117647058824,0,19,0.0,
52,CN1CCC2=CC3=C(C(=C2C1C4C5=C(C(=C(C=C5)OC)OC)C(=O)O4)OC)OCO3,413.43,2.8818,75.69000000000001,0,8,4,5,2,0.4090909090909091,0,30,0.7333333333333333,O=C1OC(C2NCCc3cc4c(cc32)OCO4)c2ccccc21
53,COC1=C(C=C(C=C1)CC2=NC=CC3=CC(=C(C=C32)OC)OC)OC,339.39,3.86,49.81,0,5,6,3,3,0.25,0,25,0.64,c1ccc(Cc2nccc3ccccc23)cc1
54,CC1=CCCC2(C(O2)C3C(CC1)C(=C)C(=O)O3)C,248.32,2.762,38.83,0,3,0,3,0,0.6666666666666666,0,18,0.7777777777777778,C=C1C(=O)OC2C1CCC=CCCC1OC12
55,CC1C=C(C(=O)C2(C1CC3C4(C2C(=O)C(=C(C4CC(=O)O3)C)OC)C)C)OC,388.46,2.819,78.9,0,6,2,4,0,0.6818181818181818,0,28,0.6071428571428571,O=C1CC2C=CC(=O)C3C4C(=O)C=CCC4CC(O1)C23
56,CN1C=NC(=C1SC2=NC=NC3=C2NC=N3)[N+](=O)[O-],277.27,1.1458,115.42000000000002,1,8,3,3,3,0.1111111111111111,0,19,0.7368421052631579,c1nc(Sc2cnc[nH]2)c2[nH]cnc2n1
57,C1=CC=C(C=C1)C(=O)N,121.14,0.7855,43.09,1,1,1,1,1,0.0,0,9,0.6666666666666666,c1ccccc1
58,CCCC(C)(COC(=O)N)COC(=O)NC(C)C,260.33,2.0227,90.65,2,4,7,0,0,0.8333333333333334,0,18,0.0,
59,C1=CC(=CC=C1NC(=NC(=NCCCCCCN=C(N)N=C(N)NC2=CC=C(C=C2)Cl)N)N)Cl,505.46,3.3366,177.58,6,2,9,2,2,0.2727272727272727,0,34,0.35294117647058826,C(=NC=NCCCCCCN=CN=CNc1ccccc1)Nc1ccccc1
60,CN(C)CCC(C1=CC=C(C=C1)Cl)C2=CC=CC=N2,274.8,3.8186,16.130000000000003,0,2,5,2,2,0.3125,0,19,0.631578947368421,c1ccc(Cc2ccccn2)cc1
61,CN(C)CCOC(C1=CC=CC=C1)C2=CC=CC=C2,255.36,3.3542,12.47,0,2,6,2,2,0.29411764705882354,0,19,0.631578947368421,c1ccc(Cc2ccccc2)cc1
62,C1CCN(CC1)CCCC(C2=CC=CC=C2)(C3=CC=CC=C3)O,309.45,4.1886,23.47,1,2,6,3,2,0.42857142857142855,0,23,0.782608695652174,c1ccc(C(CCCN2CCCCC2)c2ccccc2)cc1
63,C1=CC=C(C=C1)NC(=S)NC2=CC=CC=C2,228.32,3.4955,24.06,2,1,2,2,2,0.0,0,16,0.75,S=C(Nc1ccccc1)Nc1ccccc1
64,C=CS(=O)C=C,102.16,1.0221,17.07,0,1,2,0,0,0.0,0,6,0.0,
65,C1=CC=C(C(=C1)C(=O)O)NC2=CC=CC(=C2)C(F)(F)F,281.23,4.1472,49.33,2,2,3,2,2,0.07142857142857142,0,20,0.6,c1ccc(Nc2ccccc2)cc1
66,C1CN(CCC1(C2=CC=C(C=C2)Cl)O)CCCC(=O)C3=CC=C(C=C3)F,375.87,4.4256,40.54,1,3,6,3,2,0.38095238095238093,0,26,0.6923076923076923,O=C(CCCN1CCC(c2ccccc2)CC1)c1ccccc1
67,C1=CC=C(C=C1)C(=O)[O-].[Na+],144.11,-2.9459,40.129999999999995,0,2,1,1,1,0.0,0,10,0.6,c1ccccc1
68,CC1=C(SC=[N+]1CC2=CN=C(N=C2N)C)CCO,265.36,0.60774,75.91,2,5,4,2,2,0.4166666666666667,1,18,0.6111111111111112,c1ncc(C[n+]2ccsc2)cn1
69,C1=CC(=CC=C1C(C(CO)NC(=O)C(Cl)Cl)O)[N+](=O)[O-],323.13,0.909,112.70000000000002,3,5,6,1,1,0.36363636363636365,0,20,0.3,c1ccccc1
70,COC(=O)C1C(CCC2C1CC3C4=C(CCN3C2)C5=CC=CC=C5N4)O,354.45,2.6471,65.56,2,4,1,5,2,0.5714285714285714,0,26,0.8076923076923077,c1ccc2c3c([nH]c2c1)C1CC2CCCCC2CN1CC3
71,C=CC1C2CCOC(=O)C2=COC1OC3C(C(C(C(O3)CO)O)O)OC(=O)C4=C(C=C(C=C4C5=CC(=CC=C5)O)O)O,586.55,1.0569,201.67,6,13,7,5,2,0.3793103448275862,0,42,0.6666666666666666,O=C1OCCC2CC(OC3OCCCC3OC(=O)c3ccccc3-c3ccccc3)OC=C12
72,CCC(C)C(=O)C1=C(C(C(=O)C(C1=O)CC=C(C)C)(CC=C(C)C)O)O,362.47,3.6254,91.67,2,5,7,1,0,0.5714285714285714,0,26,0.23076923076923078,O=C1C=CCC(=O)C1
73,CC(C)C(=O)C1=C(C(=C(C(C1=O)(CC=C(C)C)O)O)CC=C(C)C)O,348.44,3.8621,94.83000000000001,3,5,6,1,0,0.5,0,25,0.24,O=C1C=CC=CC1
74,CC(C)C(=O)C1=C(C(=C(C(C1=O)(CC=C(C)C)CC=C(C)C)O)CC=C(C)C)O,400.56,6.4737,74.60000000000001,2,4,8,1,0,0.52,0,29,0.20689655172413793,O=C1C=CC=CC1
75,CC(=CCC1=C(C=C(C2=C1OC(CC2=O)C3=CC=C(C=C3)O)OC)O)C,354.4,4.3216,75.99000000000001,2,5,4,3,2,0.2857142857142857,0,26,0.6153846153846154,O=C1CC(c2ccccc2)Oc2ccccc21
76,CC(=CCC1=C(C=C(C(=C1O)C(=O)C=CC2=CC=C(C=C2)O)OC)O)C,354.4,4.2168,86.99000000000001,3,5,6,2,2,0.19047619047619047,0,26,0.46153846153846156,O=C(C=Cc1ccccc1)c1ccccc1
77,CN1CCC23CCCCC2C1CC4=C3C=C(C=C4)OC,271.4,3.3834,12.47,0,2,1,4,1,0.6666666666666666,0,20,0.85,c1ccc2c(c1)CC1NCCC23CCCCC13
78,C(#N)[S-].[Na+],80.08,-2.98162,23.79,0,2,0,0,0,0.0,0,4,0.0,
79,CC(C)CC(=O)C1=C(C(C(C1=O)CC=C(C)C)(C(=O)CC=C(C)C)O)O,362.47,3.6254,91.67,2,5,8,1,0,0.5714285714285714,0,26,0.19230769230769232,O=C1C=CCC1
80,CC(C)C(=O)C1=C(C(C(C1=O)CC=C(C)C)(C(=O)CC=C(C)C)O)O,348.44,3.2353,91.67,2,5,7,1,0,0.55,0,25,0.2,O=C1C=CCC1
81,CCC(C)C(=O)C1=C(C(=C(C(C1=O)(CC=C(C)C)CC=C(C)C)O)CC=C(C)C)O,414.59,6.8638,74.60000000000001,2,4,9,1,0,0.5384615384615384,0,30,0.2,O=C1C=CC=CC1
82,CC(C)C(=O)C1=C(C(C(C1=O)CC=C(C)C)(C(=O)CC=C(C)C)O)O,348.44,3.2353,91.67,2,5,7,1,0,0.55,0,25,0.2,O=C1C=CCC1
83,CC(C)CC(=O)C1=C(C(C(C1=O)CC=C(C)C)(C(=O)CC=C(C)C)O)O,362.47,3.6254,91.67,2,5,8,1,0,0.5714285714285714,0,26,0.19230769230769232,O=C1C=CCC1
84,CCC(C)C(=O)C1=C(C(C(C1=O)CC=C(C)C)(C(=O)CC=C(C)C)O)O,362.47,3.6254,91.67,2,5,8,1,0,0.5714285714285714,0,26,0.19230769230769232,O=C1C=CCC1
85,CCC(C)C(=O)C1=C(C(C(C1=O)CC=C(C)C)(C(=O)CC=C(C)C)O)O,362.47,3.6254,91.67,2,5,8,1,0,0.5714285714285714,0,26,0.19230769230769232,O=C1C=CCC1
86,C1CCC(CC1)NS(=O)(=O)[O-].[Na+],201.22,-2.6271,69.23,1,3,2,1,0,1.0,0,12,0.5,C1CCCCC1
87,CCN(CC)CCCC(C)NC1=C2C=CC(=CC2=NC=C1)Cl,319.88,4.8106,28.16,1,3,8,2,2,0.5,0,22,0.45454545454545453,c1ccc2ncccc2c1
88,CC(=CCC1=C(C=C(C2=C1OC(CC2=O)C3=CC=C(C=C3)O)O)O)C,340.38,4.0186,86.99000000000001,3,5,3,3,2,0.25,0,25,0.64,O=C1CC(c2ccccc2)Oc2ccccc21
89,CC(=C)C1C2C3C4(C(C1C(=O)O2)(CC5C4(O5)C(=O)O3)O)C,292.29,-0.062,85.36,1,6,1,5,0,0.7333333333333333,0,21,0.6666666666666666,O=C1OC2CC1C1CC3OC34C(=O)OC2C14
90,CC1C2CC2(CC1=O)C(C)C,152.24,2.2576,17.07,0,1,1,2,0,0.9,0,11,0.5454545454545454,O=C1CC2CC2C1
91,COC1=C(C=C2C(=C1)C34CCN5C3CC6C7C4N2C(=O)CC7OCC=C6C5)OC,394.47,2.1097,51.24000000000001,0,5,2,7,1,0.6086956521739131,0,29,0.8275862068965517,O=C1CC2OCC=C3CN4CCC56c7ccccc7N1C5C2C3CC46
92,CC(=O)NC1CCC2=CC(=C(C(=C2C3=CC=C(C(=O)C=C13)OC)OC)OC)OC,399.44,2.8716,83.09000000000002,1,6,5,3,2,0.36363636363636365,0,29,0.5517241379310345,O=c1cccc2c(c1)CCCc1ccccc1-2
93,C1=CC(=CC=C1N)S(=O)(=O)C2=CC=C(C=C2)N,248.31,1.6838,86.18,2,4,2,2,2,0.0,0,17,0.7058823529411765,O=S(=O)(c1ccccc1)c1ccccc1
94,CC[N+](CC)(CC1=CC=CC=C1)CC(=O)NC2=C(C=CC=C2C)C.C1=CC=C(C=C1)C(=O)[O-],446.59,4.34884,69.23,1,3,8,3,3,0.2857142857142857,0,33,0.5454545454545454,O=C(C[NH2+]Cc1ccccc1)Nc1ccccc1.c1ccccc1
95,C1=CC2=C(C3=C(C=CC=N3)C=C2)N=C1.C1=CC2=C(C3=C(C=CC=N3)C=C2)N=C1.C1=CC2=C(C3=C(C=CC=N3)C=C2)N=C1.[O-]S(=O)(=O)[O-].[Fe+2],692.54,7.0085,157.6,0,10,0,9,9,0.0,0,48,0.875,c1cnc2c(c1)ccc1cccnc12.c1cnc2c(c1)ccc1cccnc12.c1cnc2c(c1)ccc1cccnc12
96,C1=CC2=C(C(=C1)OCC(COC3=CC4=C(C=C3)OC(=CC4=O)C(=O)O)O)C(=O)C=C(O2)C(=O)O,468.37,2.1145,173.71,3,9,8,4,4,0.13043478260869565,0,34,0.5882352941176471,O=c1ccoc2ccc(OCCCOc3cccc4occc(=O)c34)cc12
97,CC(=O)OC(C)(C)C=CC(=O)C(C)(C1C(CC2(C1(CC(=O)C3(C2CC=C4C3C=C(C(=O)C4(C)C)O)C)C)C)O)O,556.7,4.1902,138.20000000000002,3,8,5,4,0,0.6875,0,40,0.425,O=C1C=CC2C(=CCC3C4CCCC4CC(=O)C23)C1
98,CC1CC(C(=O)C(C1)C(CC2CC(=O)NC(=O)C2)O)C,281.35,1.0415,83.47,2,4,3,2,0,0.8,0,20,0.6,O=C1CC(CCC2CCCCC2=O)CC(=O)N1
99,CCC1C(C(C(C(=O)C(CC(C(C(C(C(C(=O)O1)C)OC2CC(C(C(O2)C)O)(C)OC)C)OC3C(C(CC(O3)C)N(C)C)O)(C)O)C)C)O)(C)O,733.94,1.7856,193.91,5,14,7,3,0,0.9459459459459459,0,51,0.5098039215686274,O=C1CCCCOC(=O)CC(OC2CCCCO2)CC(OC2CCCCO2)CCC1
100,C1CN2CC3=CCOC4CC(=O)N5C6C4C3CC2C61C7=CC=CC=C75,334.42,2.0925,32.78,0,3,0,7,1,0.5714285714285714,0,25,0.96,O=C1CC2OCC=C3CN4CCC56c7ccccc7N1C5C2C3CC46
101,C1=C(N=C(S1)N=C(N)N)CSCCC(=NS(=O)(=O)N)N,337.46,-0.768,175.83,4,6,7,1,1,0.375,0,20,0.25,c1cscn1
102,C1=CC=C(C=C1)C(C#N)OC2C(C(C(C(O2)COC3C(C(C(C(O3)CO)O)O)O)O)O)O,457.43,-3.10802,202.32,7,12,7,3,1,0.65,0,32,0.5625,c1ccc(COC2CCCC(COC3CCCCO3)O2)cc1
103,C1=CC(=CC=C1O)OC2C(C(C(C(O2)CO)O)O)O,272.25,-1.4291,119.61000000000001,5,7,3,2,1,0.5,0,19,0.631578947368421,c1ccc(OC2CCCCO2)cc1
104,C1=CC=C(C(=C1)C=O)OC2C(C(C(C(O2)CO)O)O)O,284.26,-1.3222,116.45000000000002,4,7,4,2,1,0.46153846153846156,0,20,0.6,c1ccc(OC2CCCCO2)cc1
106,C=CCC(=NOS(=O)(=O)[O-])SC1C(C(C(C(O1)CO)O)O)O.[K+],397.47,-5.1101,168.93999999999997,4,11,6,1,0,0.7,0,23,0.2608695652173913,C1CCOCC1
107,CC(=O)NC(=S)N,118.16,-0.6339,55.120000000000005,2,2,0,0,0,0.3333333333333333,0,7,0.0,
108,C=CCN=C=S,99.16,1.2752,12.36,0,2,2,0,0,0.25,0,6,0.0,
109,C1CCC(=O)NCC1,113.16,0.6766,29.1,1,1,0,1,0,0.8333333333333334,0,8,0.875,O=C1CCCCCN1
110,CN(C)C=S,89.16,0.5052,3.24,0,1,1,0,0,0.6666666666666666,0,5,0.0,
111,CCC1=NC=CN=C1,108.14,1.039,25.78,0,2,1,1,1,0.3333333333333333,0,8,0.75,c1cnccn1
112,CCNC(=S)N,104.18,-0.1605,38.05,2,1,1,0,0,0.6666666666666666,0,6,0.0,
113,C1CNC(=S)N1,102.16,-0.5359,24.06,2,1,0,1,0,0.6666666666666666,0,6,0.8333333333333334,S=C1NCCN1
114,CC1(C2CC(=O)C3(C(C24COC(=O)CC4O1)CCC5(C36C(O6)C(=O)OC5C7=COC=C7)C)C)C,470.52,3.1374,104.57000000000002,0,8,1,7,1,0.7307692307692307,0,34,0.7941176470588235,O=C1CC2OCC3CC(=O)C4C(CCC5C(c6ccoc6)OC(=O)C6OC654)C32CO1
115,CN1C=CNC1=S,114.17,1.08269,20.72,1,2,0,1,1,0.25,0,7,0.7142857142857143,S=c1[nH]cc[nH]1
117,CNC(=S)N,90.15,-0.5506,38.05,2,1,0,0,0,0.5,0,5,0.0,
118,C1=CC=C(C=C1)CCN=C=S,163.25,2.3319,12.36,0,2,3,1,1,0.2222222222222222,0,11,0.5454545454545454,c1ccccc1
119,C1=CC=C(C=C1)NC(=S)N,152.22,1.3421,38.05,2,1,1,1,1,0.0,0,10,0.6,c1ccccc1
120,CCCC1=CC(=O)NC(=S)N1,170.24,1.38499,48.65,2,2,2,1,1,0.42857142857142855,0,11,0.5454545454545454,O=c1cc[nH]c(=S)[nH]1
121,CC(=O)NC1=CC=C(C=C1)O,151.17,1.3506,49.33,2,2,1,1,1,0.125,0,11,0.5454545454545454,c1ccccc1
122,CC1=CC(=NS(=O)(=O)O1)[O-].[K+],201.24,-4.072,78.79,0,4,0,1,0,0.25,0,11,0.5454545454545454,O=S1(=O)N=CC=CO1
123,C1=CC2=C(C(=C1)O)C(=O)C3=C(C=C(C=C3C2C4C(C(C(C(O4)CO)O)O)O)CO)O,418.4,-0.8912,167.91,7,9,3,4,2,0.38095238095238093,0,30,0.6666666666666666,O=C1c2ccccc2C(C2CCCCO2)c2ccccc21
124,CC1C2C(CC1=O)C(=C)CC(C3C2OC(=O)C3=C)O,262.31,1.2463,63.60000000000001,1,4,0,3,0,0.6,0,19,0.6842105263157895,C=C1CCC2C(=C)C(=O)OC2C2CC(=O)CC12
125,C1=CC=C2C(=C1)C(=O)NS2(=O)=O,183.19,0.1187,63.24,1,3,0,2,1,0.0,0,12,0.75,O=C1NS(=O)(=O)c2ccccc21
126,CC12CCC(C(C1CCC(=C)C2CC=C3C(COC3=O)O)(C)CO)O,350.46,1.9626,86.99000000000001,3,5,3,3,0,0.75,0,25,0.6,C=C1CCC2CCCCC2C1CC=C1CCOC1=O
127,CC1=CCCC(=CC2C(C(C1)OC(=O)C(=C)C(CO)O)C(=C)C(=O)O2)CO,378.42,0.9543,113.29000000000002,3,7,5,2,0,0.5,0,27,0.48148148148148145,C=C1C(=O)OC2C=CCCC=CCCC12
128,CC12CCC(C(=CCC3C(C1O)OC(=O)C3=C)C2)OO,280.32,1.8236,75.99000000000001,2,5,1,3,0,0.6666666666666666,0,20,0.7,C=C1C(=O)OC2CC3CCCC(=CCC12)C3
129,CC12CCC(=O)C=C1CCC3C2C(CC4(C3CCC4(C(=O)CO)O)C)O,362.47,1.7816,94.83000000000001,3,5,2,4,0,0.8095238095238095,0,26,0.6538461538461539,O=C1C=C2CCC3C4CCCC4CCC3C2CC1
130,CC1=CC=CC=C1C(C2=CC=CC=C2)OCCN(C)C,269.39,3.66262,12.47,0,2,6,2,2,0.3333333333333333,0,20,0.6,c1ccc(Cc2ccccc2)cc1
131,CC1=CC(C2C(CC(=C)C(CC1)O)OC(=O)C2=C)O,264.32,1.4924,66.76,2,4,0,2,0,0.5333333333333333,0,19,0.6842105263157895,C=C1CCCC=CCC2C(=C)C(=O)OC2C1
138,CCOC(=O)CC(CC(=O)OCC)(C(=O)OCC)O,276.28,0.187,99.13000000000002,1,7,8,0,0,0.75,0,19,0.0,
144,CC1=C(C=CC=C1Cl)NC2=C(C=CC=N2)C(=O)O,262.7,3.48522,62.22,2,3,3,2,2,0.07692307692307693,0,18,0.6666666666666666,c1ccc(Nc2ccccn2)cc1
181,C1=C(C=C(C(=C1I)O)C(=O)O)I,389.91,2.2996,57.53,2,2,1,1,1,0.0,0,12,0.5,c1ccccc1
188,CS(=O)C,78.14,-0.0053,17.07,0,1,0,0,0,1.0,0,4,0.0,
221,C(C1C(C(C(C(O1)OCC2C(C(C(C(O2)O)O)O)O)O)O)O)O,342.3,-5.3972,189.52999999999997,8,11,4,2,0,1.0,0,23,0.5217391304347826,C1CCC(COC2CCCCO2)OC1
282,CC(C)(C#N)OC1C(C(C(C(O1)CO)O)O)O,247.25,-1.89492,123.17000000000002,4,7,3,1,0,0.9,0,17,0.35294117647058826,C1CCOCC1
315,COC1=C2C(=CC3=C1OC=C3)C=CC(=O)O2,216.19,2.5478,52.58,0,4,1,3,3,0.08333333333333333,0,16,0.8125,O=c1ccc2cc3ccoc3cc2o1
323,CC1=CC(=O)NC(=S)N1,142.18,0.74091,48.65,2,2,0,1,1,0.2,0,9,0.6666666666666666,O=c1cc[nH]c(=S)[nH]1
348,CC(=O)OC1CC(=O)OC(C2C1(C3CCC4(C(OC(=O)C5C4(C3(C(=O)C2)C)O5)C6=COC=C6)C)C)(C)C,514.57,3.6902,121.64,0,9,2,6,1,0.7142857142857143,0,37,0.6756756756756757,O=C1CCC2C(CO1)CC(=O)C1C2CCC2C(c3ccoc3)OC(=O)C3OC321
352,CC=C1C(C(=COC1OC2C(C(C(C(O2)CO)O)O)O)C(=O)OC)CC(=O)OCCC3=CC(=C(C=C3)O)O,540.52,-0.6342,201.66999999999996,6,13,9,3,1,0.52,0,38,0.47368421052631576,C=C1C(CC(=O)OCCc2ccccc2)C=COC1OC1CCCCO1
444,C1=CC(=C(C=C1C2=C(C(=O)C3=C(C=C(C=C3O2)O)O)O)O)O,302.24,1.988,131.36,5,7,1,3,3,0.0,0,22,0.7272727272727273,O=c1cc(-c2ccccc2)oc2ccccc12
461,C1=CC=C(C(=C1)CO)OC2C(C(C(C(O2)CO)O)O)O,286.28,-1.6424,119.61000000000001,5,7,4,2,1,0.5384615384615384,0,20,0.6,c1ccc(OC2CCCCO2)cc1
463,CC1C2C(CC3(C=CC(=O)C(=C3C2OC1=O)C)C)O,262.31,1.3904,63.60000000000001,1,4,0,3,0,0.6,0,19,0.6842105263157895,O=C1C=CC2CCC3CC(=O)OC3C2=C1
465,CC1C2CCC3(C=CC(=O)C(=C3C2OC1=O)C)C,246.31,2.4196,43.370000000000005,0,3,0,3,0,0.6,0,18,0.7222222222222222,O=C1C=CC2CCC3CC(=O)OC3C2=C1
467,CCCC(C)C1(C(=O)NC(=O)[N-]C1=O)CC=C.[Na+],260.27,-0.8608,77.34,1,3,5,1,0,0.5833333333333334,0,18,0.3333333333333333,O=C1CC(=O)NC(=O)[N-]1
482,CC(=O)OCC1C(C(C(C(O1)OC2(C(C(C(O2)COC(=O)C)OC(=O)C)OC(=O)C)COC(=O)C)OC(=O)C)OC(=O)C)OC(=O)C,678.59,-0.8292,238.08999999999997,0,19,13,2,0,0.7142857142857143,0,47,0.23404255319148937,C1CCC(OC2CCCO2)OC1
514,CN1C2=C(C(=O)N(C1=O)C)NC=N2,180.17,-1.0397,72.68,1,5,0,2,2,0.2857142857142857,0,13,0.6923076923076923,O=c1[nH]c(=O)c2[nH]cnc2[nH]1
520,CC1=C(SC=[N+]1CC2=CN=C(N=C2N)C)CCO.Cl.[Cl-],337.28,-1.96646,75.91,2,5,4,2,2,0.4166666666666667,0,20,0.55,c1ncc(C[n+]2ccsc2)cn1
539,CCCC(=O)OCC(COC(=O)CCC)OC(=O)CCC,302.37,2.3849,78.9,0,6,11,0,0,0.8,0,21,0.0,
545,CC(CCC(=O)O)C1CCC2C1(CCC3C2C(CC4C3(CCC(C4)O)C)O)C,392.58,4.4779,77.76,3,3,4,4,0,0.9583333333333334,0,28,0.6071428571428571,C1CCC2C(C1)CCC1C3CCCC3CCC21
567,CCC1CN2CCC1CC2C(C3=C4C=C(C=CC4=NC=C3)OCC)O,340.47,3.7873,45.59,1,4,5,5,2,0.5714285714285714,0,25,0.72,c1ccc2c(CC3CC4CCN3CC4)ccnc2c1
634,CC(CCC(=O)O)C1CCC2C1(CCC3C2C(CC4C3(CCC(C4)O)C)O)C,392.58,4.4779,77.76,3,3,4,4,0,0.9583333333333334,0,28,0.6071428571428571,C1CCC2C(C1)CCC1C3CCCC3CCC21
641,CCN(CC)CCCC(C)NC1=C2C=CC(=CC2=NC=C1)Cl.OP(=O)(O)O.OP(=O)(O)O,515.87,2.9534,183.68,7,5,8,2,2,0.5,0,32,0.3125,c1ccc2ncccc2c1
644,C1C(OC2=CC(=CC(=C2C1=O)O)O)C3=CC=C(C=C3)O,272.26,2.5099,86.99000000000001,3,5,1,3,2,0.13333333333333333,0,20,0.8,O=C1CC(c2ccccc2)Oc2ccccc21
645,C1=CC=C(C=C1)OC2C(C(C(C(O2)CO)O)O)O,256.25,-1.1347,99.38000000000001,4,6,3,2,1,0.5,0,18,0.6666666666666666,c1ccc(OC2CCCCO2)cc1
657,C=C1CC(C2C(C3C1CC(C3=C)O)OC(=O)C2=C)OC(=O)C(=C)CO,346.38,1.0576,93.06000000000002,2,6,3,3,0,0.47368421052631576,0,25,0.52,C=C1C(=O)OC2C1CCC(=C)C1CCC(=C)C12
672,C1=CC(=CC2=C1C=CC(=O)O2)O,162.14,1.4986,50.44,1,3,0,2,2,0.0,0,12,0.8333333333333334,O=c1ccc2ccccc2o1
674,CC1COC2=C3N1C=C(C(=O)C3=CC(=C2N4CCN(CC4)C)F)C(=O)O,361.37,1.544,75.01,1,6,2,4,2,0.4444444444444444,0,26,0.7307692307692307,O=c1ccn2c3c(c(N4CCNCC4)ccc13)OCC2
675,CCN(CC)CCNC(=O)C1=CC=C(C=C1)N,235.33,1.3404,58.36,2,3,6,1,1,0.46153846153846156,0,17,0.35294117647058826,c1ccccc1
676,CN1CCN(CC1)CC(=O)N2C3=CC=CC=C3C(=O)NC4=C2N=CC=C4,351.41,1.5594,68.78,1,5,2,4,2,0.3157894736842105,0,26,0.8076923076923077,O=C1Nc2cccnc2N(C(=O)CN2CCNCC2)c2ccccc21
683,C1=CC=C2C(=C1)C=CC=C2[N+](=O)[O-],173.17,2.748,43.14,0,2,1,2,2,0.0,0,13,0.7692307692307693,c1ccc2ccccc2c1
705,C1=C(NC=N1)CC(C(=O)O)N,155.16,-0.6359,92.0,3,3,3,1,1,0.3333333333333333,0,11,0.45454545454545453,c1c[nH]cn1
722,CCC(=O)OCC(COC(=O)CC)OC(=O)CC,260.29,1.2146,78.9,0,6,8,0,0,0.75,0,18,0.0,
732,CC1(C2CCC(C2)(C1=O)C)C,152.24,2.4017,17.07,0,1,0,2,0,0.9,0,11,0.6363636363636364,O=C1CC2CCC1C2
738,CC1(C2CCC1(C(=O)C2)C)C,152.24,2.4017,17.07,0,1,0,2,0,0.9,0,11,0.6363636363636364,O=C1CC2CCC1C2
747,C(CS(=O)(=O)O)N,125.15,-1.1671,80.39,2,3,2,0,0,1.0,0,7,0.0,
749,CN1C=NC2=C1C(=O)NC(=O)N2C,180.17,-1.0397,72.68,1,5,0,2,2,0.2857142857142857,0,13,0.6923076923076923,O=c1[nH]c(=O)c2[nH]cnc2[nH]1
752,C1=CC=C(C=C1)CC(C(=O)O)N,165.19,0.641,63.31999999999999,2,2,3,1,1,0.2222222222222222,0,12,0.5,c1ccccc1
800,C1=CC(=CC=C1C2=COC3=CC(=CC(=C3C2=O)O)O)O,270.24,2.5768,90.9,3,5,1,3,3,0.0,0,20,0.8,O=c1c(-c2ccccc2)coc2ccccc12
801,C1=CC(=CC=C1C2=COC3=C(C2=O)C=CC(=C3)O)O,254.24,2.8712,70.67,2,4,1,3,3,0.0,0,19,0.8421052631578947,O=c1c(-c2ccccc2)coc2ccccc12
802,C1C(COC2=C1C=CC(=C2)O)C3=CC=C(C=C3)O,242.27,2.8165,49.69,2,3,1,3,2,0.2,0,18,0.8888888888888888,c1ccc(C2COc3ccccc3C2)cc1
803,COC1=CC(=C2C(=C1)OC=C(C2=O)C3=CC=C(C=C3)O)O,284.27,2.8798,79.9,2,5,2,3,3,0.0625,0,21,0.7619047619047619,O=c1c(-c2ccccc2)coc2ccccc12
806,COC1=C(C2=C[N+]3=C(C=C2C=C1)C4=CC5=C(C=C4CC3)OCO5)OC,336.37,3.0963,40.8,0,4,2,5,3,0.25,1,25,0.84,c1ccc2c[n+]3c(cc2c1)-c1cc2c(cc1CC3)OCO2
808,C1C(C(OC2=CC(=CC(=C21)O)O)C3=CC(=C(C(=C3)O)O)O)OC(=O)C4=CC(=C(C(=C4)O)O)O,458.38,2.2332,197.36999999999998,8,11,3,4,3,0.13636363636363635,0,33,0.6666666666666666,O=C(OC1Cc2ccccc2OC1c1ccccc1)c1ccccc1
809,C1C(C(OC2=CC(=CC(=C21)O)O)C3=CC(=C(C=C3)O)O)O,290.27,1.5461,110.38000000000001,5,6,1,3,2,0.2,0,21,0.7619047619047619,c1ccc(C2CCc3ccccc3O2)cc1
810,COC1=CC=C(C=C1)C2=CC(=O)C3=C(O2)C(=C(C(=C3OC)OC)OC)OC,372.37,3.503,76.36000000000001,0,7,6,3,3,0.25,0,27,0.5925925925925926,O=c1cc(-c2ccccc2)oc2ccccc12
811,COC1=C(C=C(C=C1)C2=CC(=O)C3=C(O2)C(=C(C(=C3OC)OC)OC)OC)OC,402.4,3.5116,85.59000000000002,0,8,7,3,3,0.2857142857142857,0,29,0.5517241379310345,O=c1cc(-c2ccccc2)oc2ccccc12
813,C1C(C(OC2=CC(=CC(=C21)O)O)C3=CC(=C(C=C3)O)O)O,290.27,1.5461,110.38000000000001,5,6,1,3,2,0.2,0,21,0.7619047619047619,c1ccc(C2CCc3ccccc3O2)cc1
814,C1C(C(OC2=CC(=CC(=C21)O)O)C3=CC(=C(C(=C3)O)O)O)O,306.27,1.2517,130.61,6,7,1,3,2,0.2,0,22,0.7272727272727273,c1ccc(C2CCc3ccccc3O2)cc1
815,C1C(C(OC2=CC(=CC(=C21)O)O)C3=CC(=C(C=C3)O)O)OC(=O)C4=CC(=C(C(=C4)O)O)O,442.38,2.5276,177.14,7,10,3,4,3,0.13636363636363635,0,32,0.6875,O=C(OC1Cc2ccccc2OC1c1ccccc1)c1ccccc1
816,C1=CC(=CC=C1C2=COC3=CC(=CC(=C3C2=O)O)OC4C(C(C(C(O4)CO)O)O)O)O,432.38,0.0499,170.04999999999998,6,10,4,4,3,0.2857142857142857,0,31,0.7096774193548387,O=c1c(-c2ccccc2)coc2cc(OC3CCCCO3)ccc12
824,C1=CC2=C(C=C1O)OC3=C2C(=O)OC4=C3C=CC(=C4)O,268.22,3.1036,83.81,2,5,0,4,4,0.0,0,20,0.85,O=c1oc2ccccc2c2oc3ccccc3c12
827,C1=CC=C2C(=C1)C(=CN2)CC(C(=O)O)N,204.23,1.1223,79.11,3,2,3,2,2,0.18181818181818182,0,15,0.6,c1ccc2[nH]ccc2c1
828,CC(C)CC(C(=O)NC(CC1=CNC2=CC=CC=C21)C(=O)O)N,317.39,1.6532,108.21,4,3,7,2,2,0.4117647058823529,0,23,0.391304347826087,c1ccc2[nH]ccc2c1
829,C1=CC=C(C=C1)CC(C(=O)NC(CC2=CNC3=CC=CC=C32)C(=O)O)N,351.41,1.8498,108.21,4,3,7,3,3,0.2,0,26,0.5769230769230769,O=C(CCc1ccccc1)NCCc1c[nH]c2ccccc12
830,CC(C)CC(C(=O)O)NC(=O)C(CC1=CNC2=CC=CC=C21)N,317.39,1.6532,108.21,4,3,7,2,2,0.4117647058823529,0,23,0.391304347826087,c1ccc2[nH]ccc2c1
831,C1=CC=C(C=C1)CC(C(=O)O)NC(=O)C(CC2=CNC3=CC=CC=C32)N,182.42,1.3652,108.21,2,2,2,1,1,0.2,0,26,0.5769230769230769,O=C(CCc1c[nH]c2ccccc12)NCCc1ccccc1
832,C1=CC=C2C(=C1)C(=CN2)CC(C(=O)NC(CC3=CNC4=CC=CC=C43)C(=O)O)N,390.44,2.3311,124.0,5,3,7,4,4,0.18181818181818182,0,29,0.6206896551724138,O=C(CCc1c[nH]c2ccccc12)NCCc1c[nH]c2ccccc12
833,CC(C)CC(C(=O)NC(CC(C)C)C(=O)NC(CC(C)C)C(=O)O)N,357.5,1.5062,121.52000000000001,4,4,11,0,0,0.8333333333333334,0,25,0.0,
834,CC(C)CC(C(=O)O)NC(=O)CN,188.23,-0.4394,92.42,3,3,5,0,0,0.75,0,13,0.0,
835,C1=CC=C(C=C1)CC(C(=O)O)NC(=O)CN,222.24,-0.2428,92.42,3,3,5,1,1,0.2727272727272727,0,16,0.375,c1ccccc1
836,CC(C)CC(C(=O)O)NC(=O)C(CC1=CC=CC=C1)N,278.35,1.1719,92.42,3,3,7,1,1,0.4666666666666667,0,20,0.3,c1ccccc1
837,C1CC(NC1)C(=O)NC(CCCN=C(N)N)C(=O)O,271.32,-1.6386,142.82999999999998,5,4,7,1,0,0.7272727272727273,0,19,0.2631578947368421,C1CCNC1
838,C1=CC=C(C=C1)CC(C(=O)NC(CC2=CC=CC=C2)C(=O)NC(CC3=CC=CC=C3)C(=O)O)N,459.55,2.096,121.52000000000001,4,4,11,3,3,0.2222222222222222,0,34,0.5294117647058824,O=C(CCc1ccccc1)NC(Cc1ccccc1)C(=O)NCCc1ccccc1
840,C1=CC2=C(C=C1[N+](=O)[O-])S(=O)(=O)NC2=O,228.18,0.0269,106.38,1,5,1,2,1,0.0,0,15,0.6,O=C1NS(=O)(=O)c2ccccc21
859,C1=CC(=CC=C1C2=CC(=O)C3=C(C=C(C=C3O2)O)O)O,270.24,2.5768,90.9,3,5,1,3,3,0.0,0,20,0.8,O=c1cc(-c2ccccc2)oc2ccccc12
860,C1=CC=C(C=C1)C2=CC(=O)C3=C(C=C(C=C3O2)O)O,254.24,2.8712,70.67,2,4,1,3,3,0.0,0,19,0.8421052631578947,O=c1cc(-c2ccccc2)oc2ccccc12
861,COC1=C(C=CC(=C1)C2=CC(=O)C3=C(C=C(C=C3O2)O)O)O,300.27,2.5854,100.13000000000001,3,6,2,3,3,0.0625,0,22,0.7272727272727273,O=c1cc(-c2ccccc2)oc2ccccc12
862,C1=CC=C(C(=C1)C2=CC(=O)C3=C(O2)C=CC=C3O)O,254.24,2.8712,70.67,2,4,1,3,3,0.0,0,19,0.8421052631578947,O=c1cc(-c2ccccc2)oc2ccccc12
863,C1=CC2=C(C(=C1)O)C(=O)C=C(O2)C3=CC=C(C=C3)O,254.24,2.8712,70.67,2,4,1,3,3,0.0,0,19,0.8421052631578947,O=c1cc(-c2ccccc2)oc2ccccc12
864,C1=CC(=CC=C1C2=CC(=O)C3=C(O2)C=CC(=C3)O)O,254.24,2.8712,70.67,2,4,1,3,3,0.0,0,19,0.8421052631578947,O=c1cc(-c2ccccc2)oc2ccccc12
865,C1=CC(=CC=C1C2=CC(=O)C3=C(O2)C=C(C=C3)O)O,254.24,2.8712,70.67,2,4,1,3,3,0.0,0,19,0.8421052631578947,O=c1cc(-c2ccccc2)oc2ccccc12
866,COC1=CC(=C2C(=C1)OC(=CC2=O)C3=CC=CC=C3)OC,282.3,3.4772,48.67,0,4,3,3,3,0.11764705882352941,0,21,0.7619047619047619,O=c1cc(-c2ccccc2)oc2ccccc12
867,COC1=C(C=C2C(=C1)C(=O)C=C(O2)C3=CC=CC=C3)OC,282.29,3.4772,48.67,0,4,3,3,3,0.11764705882352941,0,21,0.7619047619047619,O=c1cc(-c2ccccc2)oc2ccccc12
868,C1=CC=C(C=C1)C2=CC(=O)C3=CC=CC=C3O2,222.24,3.46,30.21,0,2,1,3,3,0.0,0,17,0.9411764705882353,O=c1cc(-c2ccccc2)oc2ccccc12
869,COC1=CC(=C2C(=C1)OC(=CC2=O)C3=CC=C(C=C3)O)O,284.27,2.8798,79.9,2,5,2,3,3,0.0625,0,21,0.7619047619047619,O=c1cc(-c2ccccc2)oc2ccccc12
870,C1=CC=C(C=C1)C2=CC(=O)C3=C(O2)C=CC=C3O,238.24,3.1656,50.44,1,3,1,3,3,0.0,0,18,0.8888888888888888,O=c1cc(-c2ccccc2)oc2ccccc12
871,C1=CC=C2C(=C1)C(=O)C=C(O2)C3=CC=C(C=C3)O,238.24,3.1656,50.44,1,3,1,3,3,0.0,0,18,0.8888888888888888,O=c1cc(-c2ccccc2)oc2ccccc12
872,COC1=CC2=C(C=C1)OC(=CC2=O)C3=CC=C(C=C3)O,268.27,3.1742,59.67,1,4,2,3,3,0.0625,0,20,0.8,O=c1cc(-c2ccccc2)oc2ccccc12
873,COC1=CC2=C(C=C1)C(=O)C=C(O2)C3=CC=C(C=C3)O,268.27,3.1742,59.67,1,4,2,3,3,0.0625,0,20,0.8,O=c1cc(-c2ccccc2)oc2ccccc12
874,C1=CC(=C(C=C1C2=CC(=O)C3=C(C=C(C=C3O2)O)O)O)O,286.24,2.2824,111.13000000000001,4,6,1,3,3,0.0,0,21,0.7619047619047619,O=c1cc(-c2ccccc2)oc2ccccc12
875,COC1=C(C=C2C(=C1O)C(=O)C=C(O2)C3=CC(=C(C=C3)O)O)O,316.27,2.291,120.36000000000001,4,7,2,3,3,0.0625,0,23,0.6956521739130435,O=c1cc(-c2ccccc2)oc2ccccc12
876,C1=CC(=CC=C1C2=CC(=O)C3=C(C(=C(C=C3O2)O)O)O)O,286.24,2.2824,111.13000000000001,4,6,1,3,3,0.0,0,21,0.7619047619047619,O=c1cc(-c2ccccc2)oc2ccccc12
877,C1=C(C=C(C(=C1O)O)O)C2=CC(=O)C3=C(C=C(C=C3O2)O)O,302.24,1.988,131.35999999999999,5,7,1,3,3,0.0,0,22,0.7272727272727273,O=c1cc(-c2ccccc2)oc2ccccc12
878,C1=CC=C(C(=C1)C2=CC(=O)C3=C(C=C(C=C3O2)O)O)O,270.24,2.5768,90.9,3,5,1,3,3,0.0,0,20,0.8,O=c1cc(-c2ccccc2)oc2ccccc12
879,C1=CC(=C(C=C1C2=CC(=O)C3=C(O2)C=C(C=C3)O)O)O,270.24,2.5768,90.9,3,5,1,3,3,0.0,0,20,0.8,O=c1cc(-c2ccccc2)oc2ccccc12
880,COC1=CC=C(C=C1)C2=CC(=O)C3=C(C=C(C=C3O2)OC)OC,312.32,3.4858,57.900000000000006,0,5,4,3,3,0.16666666666666666,0,23,0.6956521739130435,O=c1cc(-c2ccccc2)oc2ccccc12
881,C1=CC=C(C(=C1)C2=C(C(=O)C3=C(C=C(C=C3O2)O)O)O)O,286.24,2.2824,111.13000000000001,4,6,1,3,3,0.0,0,21,0.7619047619047619,O=c1cc(-c2ccccc2)oc2ccccc12
882,C1=CC(=C(C=C1C2=C(C(=O)C3=C(O2)C=C(C=C3)O)O)O)O,286.24,2.2824,111.13000000000001,4,6,1,3,3,0.0,0,21,0.7619047619047619,O=c1cc(-c2ccccc2)oc2ccccc12
883,C1=CC(=C(C=C1C2=C(C(=O)C3=C(O2)C(=C(C=C3O)O)O)O)O)O,318.24,1.6936,151.59,6,8,1,3,3,0.0,0,23,0.6956521739130435,O=c1cc(-c2ccccc2)oc2ccccc12
884,C1=CC(=CC=C1C2=C(C(=O)C3=C(O2)C(=C(C=C3O)O)O)O)O,302.24,1.988,131.36,5,7,1,3,3,0.0,0,22,0.7272727272727273,O=c1cc(-c2ccccc2)oc2ccccc12
885,COC1=C(C=CC(=C1)C2=C(C(=O)C3=C(C=C(C=C3O2)O)O)O)O,316.27,2.291,120.36000000000001,4,7,2,3,3,0.0625,0,23,0.6956521739130435,O=c1cc(-c2ccccc2)oc2ccccc12
886,C1=CC(=CC=C1C2=C(C(=O)C3=C(C=C(C=C3O2)O)O)O)O,286.24,2.2824,111.13000000000001,4,6,1,3,3,0.0,0,21,0.7619047619047619,O=c1cc(-c2ccccc2)oc2ccccc12
887,C1=CC(=C(C=C1O)O)C2=C(C(=O)C3=C(C=C(C=C3O2)O)O)O,302.24,1.988,131.36,5,7,1,3,3,0.0,0,22,0.7272727272727273,O=c1cc(-c2ccccc2)oc2ccccc12
888,C1=C(C=C(C(=C1O)O)O)C2=C(C(=O)C3=C(C=C(C=C3O2)O)O)O,318.24,1.6936,151.58999999999997,6,8,1,3,3,0.0,0,23,0.6956521739130435,O=c1cc(-c2ccccc2)oc2ccccc12
889,C1=CC(=C(C=C1C2=C(C(=O)C3=C(C(=C(C=C3O2)O)O)O)O)O)O,318.24,1.6936,151.59,6,8,1,3,3,0.0,0,23,0.6956521739130435,O=c1cc(-c2ccccc2)oc2ccccc12
890,C1=CC(=C(C=C1C2=C(C(=O)C3=C(O2)C=CC(=C3)O)O)O)O,286.24,2.2824,111.13000000000001,4,6,1,3,3,0.0,0,21,0.7619047619047619,O=c1cc(-c2ccccc2)oc2ccccc12
891,C1=CC(=CC=C1C2=C(C(=O)C3=C(O2)C=C(C=C3)O)O)O,270.24,2.5768,90.9,3,5,1,3,3,0.0,0,20,0.8,O=c1cc(-c2ccccc2)oc2ccccc12
892,C1C(OC2=CC(=CC(=C2C1=O)O)O)C3=CC(=C(C=C3)O)O,288.26,2.2155,107.22000000000001,4,6,1,3,2,0.13333333333333333,0,21,0.7619047619047619,O=C1CC(c2ccccc2)Oc2ccccc21
893,C1C(OC2=CC=CC=C2C1=O)C3=CC=CC=C3,224.26,3.3931,26.3,0,2,1,3,2,0.13333333333333333,0,17,0.9411764705882353,O=C1CC(c2ccccc2)Oc2ccccc21
894,COC1=C(C=C(C=C1)C2CC(=O)C3=C(C=C(C=C3O2)O)O)O,302.28,2.5185,96.22000000000001,3,6,2,3,2,0.1875,0,22,0.7272727272727273,O=C1CC(c2ccccc2)Oc2ccccc21
895,COC1=C(C=CC(=C1)C2CC(=O)C3=C(C=C(C=C3O2)O)O)O,302.28,2.5185,96.22000000000001,3,6,2,3,2,0.1875,0,22,0.7272727272727273,O=C1CC(c2ccccc2)Oc2ccccc21
896,C1C(OC2=C(C1=O)C=CC(=C2)O)C3=CC=C(C=C3)O,256.26,2.8043,66.76,2,4,1,3,2,0.13333333333333333,0,19,0.8421052631578947,O=C1CC(c2ccccc2)Oc2ccccc21
897,C1C(OC2=CC(=CC(=C2C1=O)O)O)C3=CC=CC=C3,256.26,2.8043,66.76,2,4,1,3,2,0.13333333333333333,0,19,0.8421052631578947,O=C1CC(c2ccccc2)Oc2ccccc21
898,C1=CC(=C(C=C1C2C(C(=O)C3=C(O2)C=C(C=C3)O)O)O)O,288.26,1.4807,107.22000000000001,4,6,1,3,2,0.13333333333333333,0,21,0.7619047619047619,O=C1CC(c2ccccc2)Oc2ccccc21
899,COC1=C(C=CC(=C1)C2C(OC3=C(O2)C=C(C=C3)C4C(C(=O)C5=C(C=C(C=C5O4)O)O)O)CO)O,482.44,2.3627,155.14000000000001,5,10,4,5,3,0.24,0,35,0.7428571428571429,O=C1CC(c2ccc3c(c2)OC(c2ccccc2)CO3)Oc2ccccc21
900,C1=CC(=C(C=C1C2C(C(=O)C3=C(C=C(C=C3O2)O)O)O)O)O,304.25,1.1863,127.45000000000002,5,7,1,3,2,0.13333333333333333,0,22,0.7272727272727273,O=C1CC(c2ccccc2)Oc2ccccc21
901,C1=CC(=C(C=C1C=CC(=O)C2=C(C=C(C=C2)O)O)O)O,272.26,2.4051,97.99000000000001,4,5,3,2,2,0.0,0,20,0.6,O=C(C=Cc1ccccc1)c1ccccc1
902,C1=CC=C(C=C1)C=CC(=O)C2=CC=CC=C2,208.26,3.5827,17.07,0,1,3,2,2,0.0,0,16,0.75,O=C(C=Cc1ccccc1)c1ccccc1
903,C1=CC=C(C(=C1)C(=O)C=CC2=CC(=CC=C2)O)O,240.26,2.9939,57.53,2,3,3,2,2,0.0,0,18,0.6666666666666666,O=C(C=Cc1ccccc1)c1ccccc1
904,C1=CC(=C(C=C1C=CC(=O)C2=C(C=C(C=C2O)O)O)O)O,288.26,2.1107,118.22000000000001,5,6,3,2,2,0.0,0,21,0.5714285714285714,O=C(C=Cc1ccccc1)c1ccccc1
905,C1=CC=C(C=C1)C=CC(=O)C2=CC=C(C=C2)O,224.26,3.2883,37.3,1,2,3,2,2,0.0,0,17,0.7058823529411765,O=C(C=Cc1ccccc1)c1ccccc1
906,C1=CC(=CC=C1C=CC(=O)C2=C(C=C(C=C2)O)O)O,256.26,2.6995,77.76,3,4,3,2,2,0.0,0,19,0.631578947368421,O=C(C=Cc1ccccc1)c1ccccc1
907,C1=CC=C(C(=C1)C=CC(=O)C2=C(C=C(C=C2)O)O)O,256.26,2.6995,77.76,3,4,3,2,2,0.0,0,19,0.631578947368421,O=C(C=Cc1ccccc1)c1ccccc1
908,C1=CC(=CC=C1C=CC(=O)C2=C(C=CC(=C2)O)O)O,256.26,2.6995,77.76,3,4,3,2,2,0.0,0,19,0.631578947368421,O=C(C=Cc1ccccc1)c1ccccc1
909,C1=CC(=CC=C1CCC(=O)C2=C(C=C(C=C2O)O)O)O,274.27,2.3245,97.99000000000001,4,5,4,2,2,0.13333333333333333,0,20,0.6,O=C(CCc1ccccc1)c1ccccc1
910,C1=CC(=C(C=C1C2=C(C=C3C(=CC(=CC3=[O+]2)O)O)O)O)O,287.25,2.9089,112.45000000000002,5,5,1,3,3,0.0,1,21,0.7619047619047619,c1ccc(-c2ccc3ccccc3[o+]2)cc1
911,C1=CC(=CC=C1C2=C(C=C3C(=CC(=CC3=[O+]2)O)O)O)O,287.25,3.203,92.22000000000001,4,4,1,3,3,0.0,1,20,0.8,c1ccc(-c2ccc3ccccc3[o+]2)cc1
912,CC(=O)OCC1C(C(C(C(O1)OC2=CC(=C3C(=C2)OC=C(C3=O)C4=CC=C(C=C4)O)O)O)O)O,474.42,0.6207,176.11999999999998,5,11,5,4,3,0.30434782608695654,0,34,0.6470588235294118,O=c1c(-c2ccccc2)coc2cc(OC3CCCCO3)ccc12
913,COC1=CC=C(C=C1)C2=COC3=CC(=CC(=C3C2=O)O)O,284.27,2.8798,79.9,2,5,2,3,3,0.0625,0,21,0.7619047619047619,O=c1c(-c2ccccc2)coc2ccccc12
914,COC1=CC=C(C=C1)C2=COC3=C(C2=O)C=CC(=C3)OC,282.3,3.4772,48.67,0,4,3,3,3,0.11764705882352941,0,21,0.7619047619047619,O=c1c(-c2ccccc2)coc2ccccc12
915,COC1=CC=C(C=C1)C2=COC3=C(C2=O)C=CC(=C3)O,268.27,3.1742,59.67,1,4,2,3,3,0.0625,0,20,0.8,O=c1c(-c2ccccc2)coc2ccccc12
916,COC1=C(C=C2C(=C1)C(=O)C(=CO2)C3=CC=C(C=C3)O)O,284.27,2.8798,79.9,2,5,2,3,3,0.0625,0,21,0.7619047619047619,O=c1c(-c2ccccc2)coc2ccccc12
917,COC1=C(C=C2C(=C1)C(=O)C(=CO2)C3=CC=C(C=C3)O)OC4C(C(C(C(O4)CO)O)O)O,446.41,0.3529,159.05,5,10,5,4,3,0.3181818181818182,0,32,0.6875,O=c1c(-c2ccccc2)coc2cc(OC3CCCCO3)ccc12
918,C1=CC=C(C=C1)C2=COC3=C(C2=O)C=CC(=C3)O,238.24,3.1656,50.44,1,3,1,3,3,0.0,0,18,0.8888888888888888,O=c1c(-c2ccccc2)coc2ccccc12
919,C1=CC=C(C=C1)C2=COC3=CC=CC=C3C2=O,222.24,3.46,30.21,0,2,1,3,3,0.0,0,17,0.9411764705882353,O=c1c(-c2ccccc2)coc2ccccc12
920,C1=CC(=CC=C1C2=COC3=CC(=C(C=C3C2=O)O)O)O,270.24,2.5768,90.9,3,5,1,3,3,0.0,0,20,0.8,O=c1c(-c2ccccc2)coc2ccccc12
921,C1=CC(=CC=C1C2=COC3=C(C2=O)C=CC(=C3O)O)O,270.24,2.5768,90.9,3,5,1,3,3,0.0,0,20,0.8,O=c1c(-c2ccccc2)coc2ccccc12
922,C1=CC(=C(C=C1C2=COC3=C(C2=O)C=CC(=C3)O)O)O,270.24,2.5768,90.9,3,5,1,3,3,0.0,0,20,0.8,O=c1c(-c2ccccc2)coc2ccccc12
923,C1=CC(=CC=C1C=CC2=CC(=CC(=C2)O)O)O,228.25,2.9738,60.69,3,3,2,2,2,0.0,0,17,0.7058823529411765,C(=Cc1ccccc1)c1ccccc1
924,C1=CC(=C(C=C1C=C2C(=O)C3=C(O2)C=C(C=C3)O)O)O,270.24,2.4196,86.99000000000001,3,5,1,3,2,0.0,0,20,0.75,O=C1C(=Cc2ccccc2)Oc2ccccc21
925,C1=CC=C2C(=C1)C(=O)C3=CC=CC=C3O2,196.2,2.9462,30.21,0,2,0,3,3,0.0,0,15,0.9333333333333333,O=c1c2ccccc2oc2ccccc12
926,COC1=CC=C(C=C1)O,124.14,1.4008,29.46,1,2,1,1,1,0.14285714285714285,0,9,0.6666666666666666,c1ccccc1
927,CC=C(C)C(=O)OC1CC2C(CC=C3C2(CCC(C3)OC4CC(C(C(O4)C)OC5CC(C(C(O5)C)OC6C(C(C(C(O6)C)O)OC)O)OC)OC)C)C7(C1(C(CC7)C(=O)C)C)O,879.09,4.6942,187.13,3,15,12,7,0,0.8723404255319149,0,62,0.5645161290322581,C1=C2CC(OC3CCC(OC4CCC(OC5CCCCO5)CO4)CO3)CCC2C2CCC3CCCC3C2C1
928,CC=C(C)C(=O)OC1CC2C(CC=C3C2(CCC(C3)O)C)C4(C1(C(CC4)C(=O)C)C)O,430.59,4.1181,83.83,2,5,3,4,0,0.7692307692307693,0,31,0.5483870967741935,C1=C2CCCCC2C2CCC3CCCC3C2C1
929,C1=CC=C2C(=C1)C=CC=C2C(=O)O,172.18,2.538,37.3,1,1,1,2,2,0.0,0,13,0.7692307692307693,c1ccc2ccccc2c1
930,C1=CC2=C(C(=C1)C=O)C(=CC=C2)C(=O)O,200.19,2.3505,54.370000000000005,1,2,2,2,2,0.0,0,15,0.6666666666666666,c1ccc2ccccc2c1
931,CC12C3C4C(C(C1(CC5C2(O5)C(=O)O3)O)C(=O)O4)C(C)(C)O,310.3,-0.8672,105.59,2,7,1,5,0,0.8666666666666667,0,22,0.6363636363636364,O=C1OC2CC1C1CC3OC34C(=O)OC2C14
932,C1OC2=C(O1)C=C(C=C2)C(=O)O,166.13,1.1135,55.760000000000005,1,3,1,2,1,0.125,0,12,0.75,c1ccc2c(c1)OCO2
933,C=C1C(O)CCC(C)=CC2OC(=O)C(C)C2CC1OC(C)=O,308.37,2.1431,72.83000000000001,1,5,1,2,0,0.6470588235294118,0,22,0.5909090909090909,C=C1CCCC=CC2OC(=O)CC2CC1
934,COC1=C(C(=NC=C1)CS(=O)C2=NC3=C(N2)C=C(C=C3)OC(F)F)OC,383.38,2.8843,86.33000000000001,1,6,7,3,3,0.25,0,26,0.5769230769230769,O=S(Cc1ccccn1)c1nc2ccccc2[nH]1
935,CCC1=C(CN(C1=O)C(=O)NCCC2=CC=C(C=C2)S(=O)(=O)NC(=O)NC3CCC(CC3)C)C,490.63,3.074,124.68,3,5,7,3,1,0.5416666666666666,0,34,0.5,O=C(NC1CCCCC1)NS(=O)(=O)c1ccc(CCNC(=O)N2CC=CC2=O)cc1
936,CCOC(=O)CC(C(=O)OCC)SP(=S)(OC)OC,330.36,2.1218,71.06000000000002,0,8,9,0,0,0.8,0,19,0.0,
937,CC1=C(C(=CC=C1)NC2=CC=CC=C2C(=O)O)C,241.29,3.74524,49.33,2,2,3,2,2,0.13333333333333333,0,18,0.6666666666666666,c1ccc(Nc2ccccc2)cc1
938,CC1=CC=CN2C1=NC=C(C2=O)C3=NNN=N3,228.22,0.18302,88.83,1,6,1,3,3,0.1,0,17,0.8823529411764706,O=c1c(-c2nn[nH]n2)cnc2ccccn12
939,C1=CC(=C(C=C1Cl)Cl)COC(CN2C=CN=C2)C3=C(C=C(C=C3)Cl)Cl,416.14,6.4548,27.05,0,3,6,3,3,0.16666666666666666,0,25,0.68,c1ccc(COC(Cn2ccnc2)c2ccccc2)cc1
940,C1=CC=C(C(=C1)C(=O)OC2=CC=CC=C2C(=O)O)O,258.23,2.3096,83.83000000000001,2,4,3,2,2,0.0,0,19,0.631578947368421,O=C(Oc1ccccc1)c1ccccc1
941,C1=CC(=CC(=C1)NC2=C(C=CC=N2)C(=O)O)C(F)(F)F,282.22,3.5422,62.22,2,3,3,2,2,0.07692307692307693,0,20,0.6,c1ccc(Nc2ccccn2)cc1
942,C1=CC=C(C(=C1)CC(=O)O)NC2=C(C=CC=C2Cl)Cl,296.15,4.3641,49.33,2,2,4,2,2,0.07142857142857142,0,19,0.631578947368421,c1ccc(Nc2ccccc2)cc1
946,CC1=CCCC(=CC2C(CC1)C(=C)C(=O)O2)C,232.32,3.5508,26.3,0,2,0,2,0,0.5333333333333333,0,17,0.7647058823529411,C=C1C(=O)OC2C=CCCC=CCCC12
947,CC[N+](CC)(CC1=CC=CC=C1)CC(=O)NC2=C(C=CC=C2C)C.C1=CC=C2C(=C1)C(=NS2(=O)=O)[O-],507.66,3.79454,98.66,1,4,7,4,3,0.2857142857142857,0,36,0.5833333333333334,O=C(C[NH2+]Cc1ccccc1)Nc1ccccc1.O=S1(=O)N=Cc2ccccc21
948,CCC=CCC=CCC=CCC=CCC=CCC=CCCC(=O)O,328.5,6.5489,37.3,1,1,14,0,0,0.4090909090909091,0,24,0.0,
949,CCCCCC(=O)NC1CCOC1=O,199.25,0.9984,55.4,1,3,5,1,0,0.8,0,14,0.35714285714285715,O=C1CCCO1
950,CCCCCC(=O)CC(=O)NC1CCOC1=O,241.29,0.9576,72.47,1,4,7,1,0,0.75,0,17,0.29411764705882354,O=C1CCCO1
952,CCCC(=O)NC1CCOC1=O,171.2,0.2182,55.4,1,3,3,1,0,0.75,0,12,0.4166666666666667,O=C1CCCO1
953,CC(=O)C1CCC2C1(CCC3C2CCC4=CC(=O)CCC34C)C,314.47,4.7235,34.14,0,2,1,4,0,0.8095238095238095,0,23,0.7391304347826086,O=C1C=C2CCC3C4CCCC4CCC3C2CC1
954,C1=CC=C(C(=C1)C(=O)O)O,138.12,1.0904,57.53,2,2,1,1,1,0.0,0,10,0.6,c1ccccc1
955,C1CCN2CC3CC(C2C1)CN4C3CCCC4,234.39,2.3451,6.48,0,2,0,4,0,1.0,0,17,1.0,C1CCN2CC3CC(CN4CCCCC34)C2C1
956,C(C1C(C(C(C(O1)OC2(C(C(C(O2)CCl)O)O)CCl)O)O)Cl)O,397.64,-1.6561,128.84,5,8,5,2,0,1.0,0,23,0.4782608695652174,C1CCC(OC2CCCO2)OC1
957,CCCCCCCC1=C(C(=O)C2=CC=CC=C2N1)O,259.35,3.7466,53.09,2,2,6,2,2,0.4375,0,19,0.5263157894736842,O=c1cc[nH]c2ccccc12
958,CCCC1=CNC(=S)NC1=O,170.24,1.38499,48.65,2,2,2,1,1,0.42857142857142855,0,11,0.5454545454545454,O=c1cc[nH]c(=S)[nH]1
961,CC12CCC(CC1CCC3C2CCC4(C3CCC4=O)C)O,290.45,3.9591,37.3,1,2,0,4,0,0.9473684210526315,0,21,0.8095238095238095,O=C1CCC2C1CCC1C3CCCCC3CCC21
962,CN1C2CCC1CC(C2)OC(=O)C(CO)C3=CC=CC=C3,289.38,1.9309,49.769999999999996,1,4,4,3,1,0.5882352941176471,0,21,0.6666666666666666,O=C(Cc1ccccc1)OC1CC2CCC(C1)N2
963,COC1=C(C2=C[N+]3=C(C=C2C=C1)C4=CC5=C(C=C4CC3)OCO5)OC.[Cl-],371.82,0.1003,40.8,0,4,2,5,3,0.25,0,26,0.8076923076923077,c1ccc2c[n+]3c(cc2c1)-c1cc2c(cc1CC3)OCO2
964,CC(C)CCCCCCCC=CC(=O)O,212.33,4.0139,37.3,1,1,9,0,0,0.7692307692307693,0,15,0.0,
966,CN1CC(=O)N=C1N,113.12,-1.2269,58.69,1,3,0,1,0,0.5,0,8,0.625,O=C1CNC=N1
967,CC1(C2=CCC3C4(CC(C(C4(CC(=O)C3(C2CC(C1=O)O)C)C)C(C)(C(=O)C=CC(C)(C)O)O)O)C)C,516.68,2.9285,132.13,4,7,4,4,0,0.7666666666666667,0,37,0.4594594594594595,O=C1CCC2C(=CCC3C4CCCC4CC(=O)C23)C1
968,CC1(C2=CCC3C4(CC(C(C4(CC(=O)C3(C2C=C(C1=O)O)C)C)C(C)(C(=O)C=CC(C)(C)O)O)O)C)C,514.66,3.6194,132.13,4,7,4,4,0,0.7,0,37,0.4594594594594595,O=C1C=CC2C(=CCC3C4CCCC4CC(=O)C23)C1
969,CCN(CC)CC(=O)NC1=C(C=CC=C1C)C,234.34,2.58374,32.34,1,2,5,1,1,0.5,0,17,0.35294117647058826,c1ccccc1
971,CC(C)(CO)C(C(=O)NCCC(=O)O)O,219.24,-1.0433,106.86000000000001,4,4,6,0,0,0.7777777777777778,0,15,0.0,
972,C1=CC=C(C(=C1)O)O,110.11,1.0978,40.46,2,2,0,1,1,0.0,0,8,0.75,c1ccccc1
973,CCCCC1C(=O)N(N(C1=O)C2=CC=CC=C2)C3=CC=CC=C3,308.38,3.7878,40.620000000000005,0,2,5,3,2,0.2631578947368421,0,23,0.7391304347826086,O=C1CC(=O)N(c2ccccc2)N1c1ccccc1
976,CC1=CC(C2C(C=C(C(CC1)O)C)OC(=O)C2=C)O,264.32,1.4924,66.76,2,4,0,2,0,0.5333333333333333,0,19,0.6842105263157895,C=C1C(=O)OC2C=CCCCC=CCC12
977,CC(CCC(=O)NCCS(=O)(=O)O)C1CCC2C1(C(CC3C2C(CC4C3(CCC(C4)O)C)O)O)C,515.71,2.3681,144.16,5,6,7,4,0,0.9615384615384616,0,35,0.4857142857142857,C1CCC2C(C1)CCC1C3CCCC3CCC21
1161,C1C(C(OC2=C1C(=CC(=C2C3C(C(OC4=C(C(=CC(=C34)O)O)C5C(C(OC6=CC(=CC(=C56)O)O)C7=CC(=C(C=C7)O)O)O)C8=CC(=C(C=C8)O)O)O)O)O)C9=CC(=C(C=C9)O)O)O,866.78,4.4439,331.14,15,18,5,9,6,0.2,0,63,0.7619047619047619,c1ccc(C2CC(c3cccc4c3OC(c3ccccc3)CC4c3cccc4c3OC(c3ccccc3)CC4)c3ccccc3O2)cc1
1180,[Cl-].[Cl-].[Ca+2],110.98,-6.3728,0.0,0,0,0,0,0,0.0,0,3,0.0,
1181,[Mg+2].[Cl-].[Cl-],95.21,-6.3728,0.0,0,0,0,0,0,0.0,0,3,0.0,
1187,CC1=CC2C(CCC(=C)C(CC1)OO)C(=C)C(=O)O2,264.32,3.0189,55.760000000000005,1,4,1,2,0,0.5333333333333333,0,19,0.6842105263157895,C=C1CCCC=CC2OC(=O)C(=C)C2CC1
1188,C=C1CCC2C(C3C1CC(C3=C)O)OC(=O)C2=C,246.31,1.9874,46.53,1,3,0,3,0,0.5333333333333333,0,18,0.7222222222222222,C=C1C(=O)OC2C1CCC(=C)C1CCC(=C)C12
1189,CC1=CC(O)C2C(CC(C)=CCC1)OC(=O)C2(C)O,266.34,1.7164,66.76,2,4,0,2,0,0.6666666666666666,0,19,0.6842105263157895,O=C1CC2CC=CCCC=CCC2O1
1190,CC1C2CC(C(=CCCC(=CC2OC1=O)C)C)OC(=O)C,292.38,3.1723,52.6,0,4,1,2,0,0.6470588235294118,0,21,0.6190476190476191,O=C1CC2CCC=CCCC=CC2O1
1191,CC1C2CC(C(=C)C(CCC(=CC2OC1=O)C)OC(=O)C)OC(=O)C,350.41,2.7139,78.9,0,6,2,2,0,0.631578947368421,0,25,0.52,C=C1CCCC=CC2OC(=O)CC2CC1
1192,CC=C(C)C(=O)OC1CC(=CCC(C(=CC2C1C(=C)C(=O)O2)C)O)C,346.42,3.0095,72.83000000000001,1,5,2,2,0,0.5,0,25,0.52,C=C1C(=O)OC2C=CCCC=CCCC12
1193,CC1CCC2C(C3(C1(C=CC3=O)O)C)OC(=O)C2=C,262.31,1.3904,63.6,1,4,0,3,0,0.6,0,19,0.6842105263157895,C=C1C(=O)OC2C1CCCC1C=CC(=O)C12
1194,CC1=CCC(C2(C1C3C(CC2)C(=C)C(=O)O3)C)O,248.32,2.2114,46.53,1,3,0,3,0,0.6666666666666666,0,18,0.7222222222222222,C=C1C(=O)OC2C1CCC1CCC=CC12
1195,CC(=O)OCC1CC=C(C)C(OC(C)=O)CC2C(C=C1C)OC(=O)C2C,364.44,2.9615,78.9,0,6,3,2,0,0.65,0,26,0.5,O=C1CC2CCC=CCCC=CC2O1
1196,C=C1C(=O)OC2CC(C)=CCCC3(C)OC3C(OC(C)=O)C12,306.36,2.3036,65.13,0,5,1,3,0,0.6470588235294118,0,22,0.6363636363636364,C=C1C(=O)OC2CC=CCCC3OC3CC12
1198,C=C1C(=O)OC2C=C(C)C(OC(C)=O)CCC(C)=CC(OC(C)=O)C12,348.4,2.634,78.9,0,6,2,2,0,0.5263157894736842,0,25,0.52,C=C1C(=O)OC2C=CCCCC=CCC12
1200,CC1C2CCC3(C(CCC(=C3C2OC1=O)C)O)C,250.34,2.4354,46.53,1,3,0,3,0,0.8,0,18,0.7222222222222222,O=C1CC2CCC3CCCC=C3C2O1
1201,CC(=O)CCCC1(CC2C(CC1=O)C(=C)C(=O)O2)C,264.32,2.2127,60.44,0,4,4,2,0,0.6666666666666666,0,19,0.47368421052631576,C=C1C(=O)OC2CCC(=O)CC12
1202,CC12CCC(OC1C3C(CCC(=O)C2)C(=C)C(=O)O3)O,280.32,1.3409,72.83000000000001,1,5,0,3,0,0.7333333333333333,0,20,0.75,C=C1C(=O)OC2C1CCC(=O)CC1CCCOC12
1203,CC(=O)OC1CC2C(C1=C)C3C(CCC2=C)C(=C)C(=O)O3,288.34,2.5582,52.60000000000001,0,4,1,3,0,0.5294117647058824,0,21,0.6190476190476191,C=C1C(=O)OC2C1CCC(=C)C1CCC(=C)C12
1204,CC1CC2C3C(CCCC3(C1(CCC4=COC=C4)O)C)(C(=O)O2)C,332.44,3.7212,59.67,1,4,3,4,1,0.75,0,24,0.7083333333333334,O=C1OC2CCC(CCc3ccoc3)C3CCCC1C23
1205,CC1CC(C2(C(C13CC(OC3O)C4=COC=C4)CCC(=O)C25CO5)COC(=O)C)O,420.46,1.7441,118.73,2,8,3,5,1,0.7272727272727273,0,30,0.7,O=C1CCC2C(CCCC23COC(c2ccoc2)C3)C12CO2
1206,CC1CC(C2=C(CCCC2C13CC(OC3=O)C4=COC=C4)COC(=O)C)OC5C(C(C(C(O5)CO)O)O)O,536.57,1.1387,165.12,4,11,6,5,1,0.7037037037037037,0,38,0.6578947368421053,O=C1OC(c2ccoc2)CC12CCC(OC1CCCCO1)C1=CCCCC12
1207,CC1CC(C2(C(C13CC(OC3=O)C4=COC=C4)CC(CC25CO5)O)COC(=O)C)O,420.46,1.7441,118.73,2,8,3,5,1,0.7272727272727273,0,30,0.7,O=C1OC(c2ccoc2)CC12CCCC1C2CCCC12CO2
1208,C1C[N+]2(CC3=CCOC4CC(=O)N5C6C4C3CC2C61C7=CC=CC=C75)[O-],350.42,2.1051,52.599999999999994,0,3,0,7,1,0.5714285714285714,0,26,0.9230769230769231,O=C1CC2OCC=C3C[NH+]4CCC56c7ccccc7N1C5C2C3CC46
1224,COC1=C2C=CC(=O)OC2=CC3=C1C=CO3,216.19,2.5478,52.58,0,4,1,3,3,0.08333333333333333,0,16,0.8125,O=c1ccc2cc3ccoc3cc2o1
1226,COC1=C2C=COC2=C(C3=C1C=CC(=O)O3)OC,246.22,2.5564,61.81,0,5,2,3,3,0.15384615384615385,0,18,0.7222222222222222,O=c1ccc2cc3ccoc3cc2o1
1227,COC1=C(C2=C(C=C1)C(=C3C=COC3=N2)OC)OC,259.26,3.0068,53.72000000000001,0,5,3,3,3,0.21428571428571427,0,19,0.6842105263157895,c1ccc2nc3occc3cc2c1
1228,C1=CC=C2C(=C1)C(=CN2)CCO,161.2,1.7027,36.019999999999996,2,1,2,2,2,0.2,0,12,0.75,c1ccc2[nH]ccc2c1
1234,CC12CCCC(C1CCC34C2CCC(C3)(C(=C)C4)OC5C(C(C(C(O5)CO)O)O)OC6C(C(C(C(O6)CO)O)O)O)(C)C(=O)OC7C(C(C(C(O7)CO)O)O)O,804.88,-2.9381,294.97999999999996,11,18,9,7,0,0.9210526315789473,0,56,0.6071428571428571,C=C1CC23CCC4C(C(=O)OC5CCCCO5)CCCC4C2CCC1(OC1OCCCC1OC1CCCCO1)C3
1235,CC12CCCC(C1CCC34C2CCC(C3)(C(=C)C4)OC5C(C(C(C(O5)CO)O)OC6C(C(C(C(O6)CO)O)O)O)OC7C(C(C(C(O7)CO)O)O)O)(C)C(=O)OC8C(C(C(C(O8)CO)O)O)O,967.02,-5.1139,374.13000000000005,14,23,12,8,0,0.9318181818181818,0,67,0.5970149253731343,C=C1CC23CCC4C(C(=O)OC5CCCCO5)CCCC4C2CCC1(OC1OCCC(OC2CCCCO2)C1OC1CCCCO1)C3
1236,CC12CCCC(C1CCC34C2CCC(C3)(C(=C)C4)OC5C(C(C(C(O5)CO)O)OC6C(C(C(C(O6)CO)O)O)O)OC7C(C(C(C(O7)CO)O)O)O)(C)C(=O)O,804.88,-2.3724,294.97999999999996,11,17,10,7,0,0.9210526315789473,0,56,0.6071428571428571,C=C1CC23CCC4CCCCC4C2CCC1(OC1OCCC(OC2CCCCO2)C1OC1CCCCO1)C3
1237,CC1C(C(C(C(O1)OC2C(C(C(OC2OC34CCC5C6(CCCC(C6CCC5(C3)CC4=C)(C)C(=O)OC7C(C(C(C(O7)CO)O)O)O)C)CO)O)OC8C(C(C(C(O8)CO)O)O)O)O)O)O,951.02,-4.0863,353.90000000000003,13,22,11,8,0,0.9318181818181818,0,66,0.6060606060606061,C=C1CC23CCC4C(C(=O)OC5CCCCO5)CCCC4C2CCC1(OC1OCCC(OC2CCCCO2)C1OC1CCCCO1)C3
1239,CC12CCCC(C1CCC34C2CCC(C3)(C(=C)C4)OC5C(C(C(C(O5)CO)O)O)OC6C(C(C(C(O6)CO)O)O)O)(C)C(=O)O,642.74,-0.1966,215.82999999999998,8,12,7,6,0,0.90625,0,45,0.6222222222222222,C=C1CC23CCC4CCCCC4C2CCC1(OC1OCCCC1OC1CCCCO1)C3
1240,CC1C(C(C(C(O1)OC2C(C(C(OC2OC34CCC5C6(CCCC(C6CCC5(C3)CC4=C)(C)C(=O)OC7C(C(C(C(O7)CO)O)O)O)C)CO)O)O)O)O)O,788.88,-1.9105,274.74999999999994,10,17,8,7,0,0.9210526315789473,0,55,0.6181818181818182,C=C1CC23CCC4C(C(=O)OC5CCCCO5)CCCC4C2CCC1(OC1OCCCC1OC1CCCCO1)C3
1241,CC12CCCC(C1CCC34C2CCC(C3)(C(=C)C4)OC5C(C(C(C(O5)CO)O)O)O)(C)C(=O)OC6C(C(C(C(O6)CO)O)O)O,642.74,-0.7623,215.82999999999998,8,13,6,6,0,0.90625,0,45,0.6222222222222222,C=C1CC23CCC4C(C(=O)OC5CCCCO5)CCCC4C2CCC1(OC1CCCCO1)C3
1247,C1=C(C=C(C(=C1O)O)O)C(=O)OCC2C(C(C(C(O2)OC(=O)C3=CC(=C(C(=C3)O)O)O)OC(=O)C4=CC(=C(C(=C4)O)O)O)OC(=O)C5=CC(=C(C(=C5)O)O)O)OC(=O)C6=CC(=C(C(=C6)O)O)O,940.68,1.6861,444.18000000000006,15,26,11,6,5,0.14634146341463414,0,67,0.5373134328358209,O=C(OCC1OC(OC(=O)c2ccccc2)C(OC(=O)c2ccccc2)C(OC(=O)c2ccccc2)C1OC(=O)c1ccccc1)c1ccccc1
1249,C1C(C(OC2=C1C(=CC(=C2C3C(C(OC4=C(C(=CC(=C34)O)O)C5C(C(OC6=CC(=CC(=C56)O)O)C7=CC(=C(C=C7)O)O)O)C8=CC(=C(C=C8)O)O)O)O)O)C9=CC(=C(C=C9)O)O)O,866.78,4.4439,331.14,15,18,5,9,6,0.2,0,63,0.7619047619047619,c1ccc(C2CC(c3cccc4c3OC(c3ccccc3)CC4c3cccc4c3OC(c3ccccc3)CC4)c3ccccc3O2)cc1
1250,COC1=CC(=CC(=C1O)OC)C2=C(C=C3C(=CC(=CC3=[O+]2)O)O)OC4C(C(C(C(O4)CO)O)O)O,493.44,0.6936,189.82999999999998,7,11,6,4,3,0.34782608695652173,1,35,0.6285714285714286,c1ccc(-c2[o+]c3ccccc3cc2OC2CCCCO2)cc1
1253,C1CC(N(C1)C(=O)C(CC2=CNC3=CC=CC=C32)N)C(=O)O,301.35,1.1133,99.42,3,3,4,3,2,0.375,0,22,0.6363636363636364,O=C(CCc1c[nH]c2ccccc12)N1CCCC1
1254,C1=CC=C2C(=C1)C(=CN2)CC(C(=O)NC(CC3=CNC4=CC=CC=C43)C(=O)NC(CC5=CNC6=CC=CC=C65)C(=O)O)N,576.66,3.5399,168.89,7,4,11,6,6,0.18181818181818182,0,43,0.627906976744186,O=C(CCc1c[nH]c2ccccc12)NC(Cc1c[nH]c2ccccc12)C(=O)NCCc1c[nH]c2ccccc12
1269,CC1=C2C(C3C(C(C1)O)C(=C)C(=O)O3)C(=CC2=O)CO,276.29,0.2829,83.83,2,5,1,3,0,0.4666666666666667,0,20,0.65,C=C1C(=O)OC2C3C=CC(=O)C3=CCCC12
1284,C1CC2C3CCCN4C3C(CCC4)CN2C(=O)C1,248.37,1.8717,23.55,0,2,0,4,0,0.9333333333333333,0,18,0.9444444444444444,O=C1CCCC2C3CCCN4CCCC(CN12)C34
1285,C1=CC(=O)OC2=CC(=C(C=C21)OC3C(C(C(C(O3)CO)O)O)O)O,340.28,-1.3227,149.82,5,9,3,3,2,0.4,0,24,0.6666666666666666,O=c1ccc2cc(OC3CCCCO3)ccc2o1
1286,C1=CC=C2C=C(C=CC2=C1)OC3C(C(C(C(O3)CO)O)O)O,306.31,0.0185,99.38000000000001,4,6,3,3,2,0.375,0,22,0.7272727272727273,c1ccc2cc(OC3CCCCO3)ccc2c1
1287,COC1C(C(C(C(O1)CO)O)O)O,194.18,-2.5673,99.38000000000001,4,6,2,1,0,1.0,0,13,0.46153846153846156,C1CCOCC1
1288,C1=CC=C(C=C1)OC2C(C(C(C(O2)CO)O)O)O,256.25,-1.1347,99.38000000000001,4,6,3,2,1,0.5,0,18,0.6666666666666666,c1ccc(OC2CCCCO2)cc1
1289,C1=CC=C(C=C1)OC2C(C(C(C(O2)CO)O)O)O,256.25,-1.1347,99.38000000000001,4,6,3,2,1,0.5,0,18,0.6666666666666666,c1ccc(OC2CCCCO2)cc1
1290,C1=CC=C(C(=C1)[N+](=O)[O-])OC2C(C(C(C(O2)CO)O)O)O,301.25,-1.2265,142.52,4,8,4,2,1,0.5,0,21,0.5714285714285714,c1ccc(OC2CCCCO2)cc1
1294,CC1=C2C(C3C(C(C1)OC(=O)CC4=CC=C(C=C4)O)C(=C)C(=O)O3)C(=CC2=O)CO,410.42,1.7821,110.13000000000001,2,7,4,4,1,0.34782608695652173,0,30,0.6333333333333333,C=C1C(=O)OC2C3C=CC(=O)C3=CCC(OC(=O)Cc3ccccc3)C12
1295,CC1C2C(CC(=C3C(C2OC1=O)C(=CC3=O)CO)C)O,278.3,0.3628,83.83000000000001,2,5,1,3,0,0.6,0,20,0.65,O=C1CC2CCC=C3C(=O)C=CC3C2O1
1300,CN1C2=C(N(C1=O)C)N(C(=O)N(C2=O)C)C,224.22,-1.7256,70.93,0,7,0,2,2,0.4444444444444444,0,16,0.5625,O=c1[nH]c(=O)c2[nH]c(=O)[nH]c2[nH]1
1303,COC1=CC(=CC(=C1O)OC)C=CC(=O)O,224.21,1.5072,75.99,2,4,4,1,1,0.18181818181818182,0,16,0.375,c1ccccc1
1317,C1=CC(=C(C=C1C=CC(=O)O)O)O,180.16,1.1956,77.76,3,3,2,1,1,0.0,0,13,0.46153846153846156,c1ccccc1
1318,[Cl-].[Cl-].[Mn+2],125.844,-5.3474,0.0,0,0,0,0,0,0.0,0,3,0.0,
1319,[O-]S(=O)(=O)[O-].[Fe+2],151.9076,-2.0134,80.25999999999999,0,0,0,0,0,0.0,0,6,0.0,
1327,CC12CC(=O)c3occc3C1CCC13CC(CC(O[C@H]4O[C@@H](CO)[C@H](O)[C@@H](O)[C@@H]4O)C12)[C@@](O)(CO)C3,508.558,-0.8684,170.04999999999998,6,10,4,6,1,0.8076923076923077,0,36,0.6944444444444444,O=C1CC2C(CCC34CCC(CC(O[C@@H]5CCCCO5)C23)C4)c2ccoc21
1328,C[C@@]12CC(=O)c3occc3[C@H]1CC[C@]13C[C@H](C=O)[C@H](C[C@H](O[C@@H]4O[C@H](CO)[C@@H](O)[C@H](O)[C@H]4O)[C@H]12)C3,490.5428,0.1909,146.66000000000003,4,9,4,6,1,0.7692307692307693,0,35,0.7142857142857143,O=C1CC2[C@H](CC[C@]34CC[C@H](C[C@H](O[C@H]5CCCCO5)[C@@H]23)C4)c2ccoc21
1329,C[C@@]12CC(=O)c3occc3[C@H]1CC[C@]13C=C(CO)[C@H](C[C@H](O[C@@H]4O[C@H](CO)[C@@H](O)[C@H](O)[C@H]4O)[C@H]12)C3,490.5428,-0.1047,149.82,5,9,4,6,1,0.7307692307692307,0,35,0.7142857142857143,O=C1CC2[C@H](CC[C@]34C=C[C@H](C[C@H](O[C@H]5CCCCO5)[C@@H]23)C4)c2ccoc21
1330,C[C@@]12CC(=O)c3occc3[C@H]1CC[C@@]13C[C@@H](C[C@H](O[C@@H]4O[C@H](CO)[C@@H](O)[C@H](O)[C@H]4O)[C@H]12)[C@H](C=O)C3,490.5428,0.1909,146.66,4,9,4,6,1,0.7692307692307693,0,35,0.7142857142857143,O=C1CC2[C@H](CC[C@]34CC[C@H](C[C@H](O[C@H]5CCCCO5)[C@@H]23)C4)c2ccoc21
1331,C[C@@]12CC(=O)c3occc3[C@H]1CC[C@@]13C[C@@H](C[C@H](O)[C@H]12)[C@@](O)(CO)C3,346.4174,0.8785,90.9,3,5,1,5,1,0.75,0,25,0.76,O=C1CC2[C@H](CC[C@]34CC[C@H](CC[C@@H]23)C4)c2ccoc21
1332,C[C@@]12CC(=O)c3occc3[C@H]1CC[C@@]13C[C@@H](C[C@H](O)[C@H]12)[C@@](O)(CO[C@@H]1O[C@H](CO)[C@@H](O)[C@H](O)[C@H]1O)C3,508.558,-0.8684,170.04999999999998,6,10,4,6,1,0.8076923076923077,0,36,0.6944444444444444,O=C1CC2[C@H](CC[C@]34CC(CO[C@H]5CCCCO5)[C@H](CC[C@@H]23)C4)c2ccoc21
1333,CC12CC(=O)C3=C(C1CCC45C2C(CC(C4)C(C5)(CO)O)OC6C(C(C(C(O6)CO)O)O)O)C=CO3,508.558,-0.8684,170.05,6,10,4,6,1,0.8076923076923077,0,36,0.6944444444444444,O=C1CC2C(CCC34CCC(CC(OC5CCCCO5)C23)C4)c2ccoc21
1338,CC(CCC(=O)NCCS(=O)(=O)O)C1CCC2C1(CCC3C2CCC4C3(CCC(C4)O)C)C,483.7042,4.1418,103.7,2,3,8,4,0,0.9615384615384616,0,33,0.5151515151515151,C1CCC2C(C1)CCC1C3CCCC3CCC21
1340,C1=CC2=C(C3=C(C=CC=N3)C=C2)N=C1,180.2053,2.2026,25.78,0,2,0,3,3,0.0,0,14,1.0,c1cnc2c(c1)ccc1cccnc12
1344,CC1(C2CCC1(C(=O)C2)C)C,152.2334,1.9358,17.07,0,1,0,2,0,0.9,0,11,0.6363636363636364,O=C1CC2CCC1C2
1345,COC(=O)C1C(CCC2C1CC3C4=C(CCN3C2)C5=CC=CC=C5N4)O.Cl,390.9037,2.3404,65.56,2,3,2,5,2,0.5714285714285714,0,27,0.7777777777777778,c1ccc2c3c([nH]c2c1)C1CC2CCCCC2CN1CC3
1347,C1=CC=NC(=C1)C2=CC=CC=N2,156.1839,1.9042,25.78,0,2,1,2,2,0.0,0,12,1.0,c1ccc(-c2ccccn2)nc1
1348,C1=CC2=C(C3=C(C=C2)N=CC=C3)N=C1,180.2053,2.2026,25.78,0,2,0,3,3,0.0,0,14,1.0,c1cnc2c(c1)ccc1ncccc12
1349,C1=CC2=C(C=CC3=C2C=CC=N3)N=C1,180.2053,2.2026,25.78,0,2,0,3,3,0.0,0,14,1.0,c1cnc2ccc3ncccc3c2c1
1350,CC1=NC2=C(C=C1)C=CC3=C2N=C(C=C3)C,208.2585,2.7678,25.78,0,2,0,3,3,0.14285714285714285,0,16,0.875,c1cnc2c(c1)ccc1cccnc12
1351,CC1=C2C=CC3=C(C=CN=C3C2=NC=C1)C,208.2585,3.175,25.78,0,2,0,3,3,0.14285714285714285,0,16,0.875,c1cnc2c(c1)ccc1cccnc12
1352,CC1=C(C2=C(C3=C1C=CC=N3)N=CC=C2)C,208.2585,3.175,25.78,0,2,0,3,3,0.14285714285714285,0,16,0.875,c1cnc2c(c1)ccc1cccnc12
1353,C1=CC2=C(C3=C(C=CC=N3)C(=O)C2=O)N=C1,210.1882,1.3642,59.92,0,4,0,3,2,0.0,0,16,0.875,O=C1C(=O)c2cccnc2-c2ncccc21
1354,C1=CC2=CC(=C3C=CC=NC3=C2N=C1)N,195.22,1.456,51.8,1,2,0,3,3,0.0,0,15,0.9333333333333333,c1cnc2c(c1)ccc1cccnc12
1355,C1=CC2=CC(=C3C=CC=NC3=C2N=C1)Br,259.1014,2.951,25.78,0,2,0,3,3,0.0,0,15,0.9333333333333333,c1cnc2c(c1)ccc1cccnc12
1356,C1=CC2=CC(=C3C=CC=NC3=C2N=C1)Cl,214.6504,2.867,25.78,0,2,0,3,3,0.0,0,15,0.9333333333333333,c1cnc2c(c1)ccc1cccnc12
1357,CC1=CC2=C(C3=C1C=CC=N3)N=CC=C2,194.2319,2.6888,25.78,0,2,0,3,3,0.07692307692307693,0,15,0.9333333333333333,c1cnc2c(c1)ccc1cccnc12
1358,C1=CC2=CC(=C3C=CC=NC3=C2N=C1)[N+](=O)[O-],225.2029,2.097,68.92,0,2,1,3,3,0.0,0,17,0.8235294117647058,c1cnc2c(c1)ccc1cccnc12
1359,C1=CC2=C(C3=C(C=CC=N3)C4=NC=CN=C24)N=C1,232.2401,1.6668,51.56,0,4,0,4,4,0.0,0,18,1.0,c1cnc2c(c1)c1nccnc1c1cccnc12
1360,COC1=C(C2=C(C3=C1C=CC=N3)N=CC=C2)OC,240.2573,2.1698,44.24000000000001,0,4,2,3,3,0.14285714285714285,0,18,0.7777777777777778,c1cnc2c(c1)ccc1cccnc12
1361,CCC1=C2C=CC=NC2=C3C(=C1CC)C=CC=N3,236.3116,4.0874,25.78,0,2,2,3,3,0.25,0,18,0.7777777777777778,c1cnc2c(c1)ccc1cccnc12
1362,C=C(C)c1c(C(=C)C)c2cccnc2c2ncccc12,260.333,4.1988,25.78,0,2,2,3,3,0.1111111111111111,0,20,0.7,c1cnc2c(c1)ccc1cccnc12
1363,C1=CC=C2C(=C1)C3=CC=CC=C3C(=O)C2=O,208.2121,2.8084,34.14,0,2,0,3,2,0.0,0,16,0.875,O=C1C(=O)c2ccccc2-c2ccccc21
1364,CC1=CC(=NC=C1)C2=NC=CC(=C2)C,184.2371,2.8766,25.78,0,2,1,2,2,0.16666666666666666,0,14,0.8571428571428571,c1ccc(-c2ccccn2)nc1
1384,CC(C)CC(C(=O)NC(CCCCN)C(=O)O)NC(=O)C(CC1=CC=C(C=C1)O)NC(=O)C(CCC(=O)N)NC(=O)C2CCCN2C(=O)C(CC(C)C)NC(=O)C(C)NC(=O)C(CC3=CC=CC=C3)N,979.1723,0.6905,347.56999999999994,8,9,36,3,2,0.5714285714285714,0,70,0.24285714285714285,O=C(CCc1ccccc1)NCC(=O)NCC(=O)N1CCCC1C(=O)NCC(=O)NCCc1ccccc1
1416,CCC(C)C(C(=O)NC(CC1=CN=CN1)C(=O)NC(CC(=O)N)C(=O)O)NC(=O)C2CCCN2C(=O)CNC(=O)C3CCCN3C(=O)C(CC4=CC=CC=C4)NC(=O)C5CCCN5C(=O)C(CC6=CC=C(C=C6)O)NC(=O)C(C(C)C)NC(=O)C(CC(C)C)N,1253.4475,-0.7424,419.9499999999999,10,13,41,6,3,0.5645161290322581,0,90,0.35555555555555557,O=C(CNC(=O)C1CCCN1C(=O)CNC(=O)C1CCCN1C(=O)C(Cc1ccccc1)NC(=O)C1CCCN1C(=O)CCc1ccccc1)NCCc1cnc[nH]1
1425,CCC(C)C(C(=O)NC(CC1=CN=CN1)C(=O)NC(CC(=O)N)C(=O)NC(CO)C(=O)O)NC(=O)C2CCCN2C(=O)CNC(=O)C3CCCN3C(=O)C(CC4=CC=CC=C4)NC(=O)C5CCCN5C(=O)C(CC6=CC=C(C=C6)O)N,1128.2361,-3.2493,411.0799999999999,10,13,36,6,3,0.5185185185185185,0,81,0.3950617283950617,O=C(CNC(=O)C1CCCN1C(=O)CNC(=O)C1CCCN1C(=O)C(Cc1ccccc1)NC(=O)C1CCCN1C(=O)CCc1ccccc1)NCCc1cnc[nH]1
1556,CCC(C)C(C(=O)NC(CC1=CC=CC=C1)C(=O)O)N,278.3468,1.6918,92.42,1,1,8,1,1,0.4666666666666667,0,20,0.3,c1ccccc1
1557,CCC(C)C(C(=O)O)NC(=O)C(CC1=CC=CC=C1)N,278.3468,1.6918,92.42,1,1,8,1,1,0.4666666666666667,0,20,0.3,c1ccccc1
1601,CC(C)CC(C(=O)NC(CC(C)C)C(=O)O)NC(=O)CN,301.3819,0.3599,121.52,2,2,11,0,0,0.7857142857142857,0,21,0.0,
1611,CC=C1C(C(=COC1O)C(=O)OC)CC(=O)OCCC2=CC=C(C=C2)O,362.3738,1.9437,102.29000000000002,2,7,8,2,1,0.3684210526315789,0,26,0.46153846153846156,C=C1COC=CC1CC(=O)OCCc1ccccc1
1612,CC1C(C(C(=CO1)C(=O)OC)CC(=O)OCCC2=CC(=C(C=C2)O)O)C=O,378.3732,1.1422,119.36000000000001,2,8,9,2,1,0.42105263157894735,0,27,0.4444444444444444,O=C(CC1C=COCC1)OCCc1ccccc1
1613,C/C=C(/C=O)[C@@H](CC(=O)O)CC(=O)OCCc1ccc(O)cc1,320.3371,2.2661,100.9,1,4,10,1,1,0.35294117647058826,0,23,0.2608695652173913,c1ccccc1
1614,C/C=C(/C=O)[C@H](CC(=O)OCCc1ccc(O)c(O)c1)/C(=C/O)C(=O)OC,378.3732,1.8498,130.36,3,8,11,1,1,0.3157894736842105,0,27,0.2222222222222222,c1ccccc1
1615,COC(=O)C1=COC(C)[C@@H](C=O)[C@@H]1CC(=O)O,242.2253,-0.4787,89.9,0,4,5,1,0,0.5454545454545454,0,17,0.35294117647058826,C1=COCCC1
1617,CC[N+](C)(CC)CCOC(=O)C(C1CCCCC1)(C2=CC=CC=C2)O,348.4996,2.7012,46.53,1,3,9,2,1,0.6666666666666666,1,25,0.48,c1ccc(CC2CCCCC2)cc1
1618,CNC(=C[N+](=O)[O-])NCCSCC1=CC=C(O1)CN(C)C,314.4038,0.9492,83.58,2,2,10,1,1,0.5384615384615384,0,21,0.23809523809523808,c1ccoc1
1620,CC[N+](CC)(CC1=CC=CC=C1)CC(=O)NC2=C(C=CC=C2C)C,325.4678,2.8552,29.1,1,1,8,2,2,0.38095238095238093,1,24,0.5,O=C(C[NH2+]Cc1ccccc1)Nc1ccccc1
1621,C1=CC2=C(C(=C1)OCC(COC3=CC=CC4=C3C(=O)C=C(O4)C(=O)O)O)C(=O)C=C(O2)C(=O)O,468.3665,3.1831,173.71,1,7,8,4,4,0.13043478260869565,0,34,0.5882352941176471,O=c1ccoc2cccc(OCCCOc3cccc4occc(=O)c34)c12
1622,CC1C(C(C(C(O1)OC2C(C(COC2OC3CCC4C(=CCC5C4(C(=O)CC6(C5(CC(C6C7(C(=O)C=C(O7)C(C)C)C)O)C)C)C)C3(C)C)O)O)O)O)O,762.9232,1.1471,201.67,6,13,6,7,0,0.8536585365853658,0,54,0.6296296296296297,O=C1C=COC1C1CCC2C1CC(=O)C1C3CCC(OC4OCCCC4OC4CCCCO4)CC3=CCC21
1623,CN1CCC2=CC(=C(C=C2C1CC3=CC=C(C=C3)O)OC4=C(C=CC(=C4)CC5C6=CC(=C(C=C6CCN5C)OC)OC)O)OC,610.7392,6.9696,83.86000000000001,2,6,9,6,4,0.35135135135135137,0,45,0.7111111111111111,c1ccc(CC2NCCc3ccc(Oc4cccc(CC5NCCc6ccccc65)c4)cc32)cc1
1624,COC1=C(C=CC(=C1)C(=O)OC2C3C=COC(C3C4(C2O4)CO)OC5C(C(C(C(O5)CO)O)O)O)O,512.4606,-2.0073,197.13,6,13,8,5,1,0.6086956521739131,0,36,0.6111111111111112,O=C(OC1C2C=COC(OC3CCCCO3)C2C2OC12)c1ccccc1
1625,CC1(C2CC(=O)C3(C(C2(C(CC(=O)O1)O)C)CCC4(C35C(O5)C(=O)OC4C6=COC=C6)C)C)C,472.5275,1.2674,115.57000000000002,1,8,1,6,1,0.7307692307692307,0,34,0.7352941176470589,O=C1CCC2C(CO1)CC(=O)C1C2CCC2C(c3ccoc3)OC(=O)C3OC321
1626,C1=CC=C(C=C1)C2=CC(=O)C3=C(C(=C(C=C3O2)OC4C(C(C(C(O4)C(=O)O)O)O)O)O)O,446.361,1.2636,187.12,5,9,4,4,3,0.23809523809523808,0,32,0.6875,O=c1cc(-c2ccccc2)oc2cc(OC3CCCCO3)ccc12
1627,C1=CC=C(C=C1)C2=CC(=O)C3=C(O2)C=C(C(=C3O)O)O,270.2369,3.0658,90.9,3,5,1,3,3,0.0,0,20,0.8,O=c1cc(-c2ccccc2)oc2ccccc12
1628,COC1=C(C=C(C2=C1OC(=CC2=O)C3=CC=CC=C3)O)O,284.2635,3.3168,79.9,2,5,2,3,3,0.0625,0,21,0.7619047619047619,O=c1cc(-c2ccccc2)oc2ccccc12
1629,CC12CCC(C(C1CCC(=C)C2CC=C3C=COC3=O)(C)CO)O,332.4339,2.5028,66.76,2,4,3,3,0,0.65,0,24,0.625,C=C1CCC2CCCCC2C1CC=C1C=COC1=O
1630,COC1=C(C=C(C2=C1OC(=CC2=O)C3=CC=CC=C3)O)OC4C(C(C(C(O4)C(=O)O)O)O)O,460.3876,1.5146,176.12,4,9,5,4,3,0.2727272727272727,0,33,0.6666666666666666,O=c1cc(-c2ccccc2)oc2cc(OC3CCCCO3)ccc12
1631,COC1=C(C2=C[N+]3=C(C=C2C=C1)C4=CC(=C(C=C4CC3)O)OC)OC,338.3771,3.6834,51.80000000000001,1,4,3,4,3,0.25,1,25,0.72,c1ccc2c(c1)CC[n+]1cc3ccccc3cc1-2
1632,C1CC2C3CCC[N+]4(C3C(CCC4)CN2C(=O)C1)[O-],264.3633,-0.8336,43.370000000000005,0,1,0,4,0,0.9333333333333333,0,19,0.8947368421052632,O=C1CCCC2C3CCC[NH+]4CCCC(CN12)C34
1633,O=C([O-])c1ccccc1Nc1cccc(OC(F)(F)F)c1,296.2214,4.4266,61.39,1,1,5,2,2,0.07142857142857142,-1,21,0.5714285714285714,c1ccc(Nc2ccccc2)cc1
1634,FC(F)(F)Oc1cccc(Nc2ccccc2-c2nnn[n-]2)c1,320.2494,5.2703,74.03,1,5,5,3,3,0.07142857142857142,-1,23,0.7391304347826086,c1ccc(Nc2ccccc2-c2nnn[n-]2)cc1
1635,FS(F)(F)(F)(F)c1cccc(Nc2ccccc2-c2nnn[n-]2)c1,362.3011,4.5839,64.80000000000001,1,4,4,3,3,0.0,-1,24,0.7083333333333334,c1ccc(Nc2ccccc2-c2nnn[n-]2)cc1
1636,Clc1cccc(Nc2ccccc2-c2nnn[n-]2)c1,270.6971,3.8148,64.80000000000001,1,4,3,3,3,0.0,-1,19,0.8947368421052632,c1ccc(Nc2ccccc2-c2nnn[n-]2)cc1
1637,O=C([O-])c1ccccc1Nc1ccc(Cl)c(C(F)(F)F)c1,314.667,3.9134,52.16,1,0,4,2,2,0.07142857142857142,-1,21,0.5714285714285714,c1ccc(Nc2ccccc2)cc1
1638,COc1cc(Nc2ccccc2C(=O)[O-])cc(C(F)(F)F)c1,310.2479,3.2326,61.39,1,1,5,2,2,0.13333333333333333,-1,22,0.5454545454545454,c1ccc(Nc2ccccc2)cc1
1639,FC(F)Oc1cccc(Nc2ccccc2-c2nnn[n-]2)c1,302.2589,3.9559,74.03,1,5,5,3,3,0.07142857142857142,-1,22,0.7727272727272727,c1ccc(Nc2ccccc2-c2nnn[n-]2)cc1
1640,FC(F)(F)c1cc(Nc2ccccc2-c2nnn[n-]2)ccc1Cl,338.695,4.7571,64.80000000000001,1,4,4,3,3,0.07142857142857142,-1,23,0.7391304347826086,c1ccc(Nc2ccccc2-c2nnn[n-]2)cc1
1641,COc1cc(Nc2ccccc2-c2nnn[nH]2)cc(C(F)(F)F)c1,335.2839,3.9727,75.72,1,4,5,3,3,0.13333333333333333,0,24,0.7083333333333334,c1ccc(Nc2ccccc2-c2nnn[nH]2)cc1
1642,Cc1c(Nc2ccccc2-c2nnn[n-]2)cccc1C(F)(F)F,318.2765,4.5789,64.80000000000001,1,4,4,3,3,0.13333333333333333,-1,23,0.7391304347826086,c1ccc(Nc2ccccc2-c2nnn[n-]2)cc1
1643,O=C([O-])c1ccccc1Nc1ccc(N2CCOCC2)c(C(F)(F)F)c1,365.3264,3.0989,64.63,1,1,5,3,2,0.2777777777777778,-1,26,0.6923076923076923,c1ccc(Nc2ccc(N3CCOCC3)cc2)cc1
1644,O=C([O-])c1ccccc1Nc1cc(OC2CC2)cc(C(F)(F)F)c1,336.2852,3.7223,61.39,1,1,6,3,2,0.23529411764705882,-1,24,0.625,c1ccc(Nc2cccc(OC3CC3)c2)cc1
1645,O=C1COc2c(cc(C(F)(F)F)cc2Nc2ccccc2C(=O)[O-])N1,351.2568,2.039,90.49,2,2,4,3,2,0.125,-1,25,0.64,O=C1COc2c(cccc2Nc2ccccc2)N1
1646,O=C([O-])c1ccccc1Nc1cc(OCc2ccccc2)cc(C(F)(F)F)c1,386.3439,4.8161,61.39,1,1,7,3,3,0.09523809523809523,-1,28,0.6428571428571429,c1ccc(COc2cccc(Nc3ccccc3)c2)cc1
1647,Cc1ccc(C(F)(F)F)cc1Nc1ccccc1-c1nnn[n-]1,318.2765,4.5789,64.80000000000001,1,4,4,3,3,0.13333333333333333,-1,23,0.7391304347826086,c1ccc(Nc2ccccc2-c2nnn[n-]2)cc1
1648,FC(F)(F)c1cc(Nc2ccccc2-c2nnn[n-]2)ccc1N1CCOCC1,389.3544,3.9426,77.27000000000001,1,5,5,4,3,0.2777777777777778,-1,28,0.8214285714285714,c1ccc(-c2nnn[n-]2)c(Nc2ccc(N3CCOCC3)cc2)c1
1649,O=C(O)c1ccccc1Nc1cc([N+](=O)O)cc(C(F)(F)F)c1,327.2354,1.5776,89.64,2,1,5,2,2,0.07142857142857142,1,23,0.5217391304347826,c1ccc(Nc2ccccc2)cc1
1650,Cc1cn(-c2cc(Nc3ccccc3C(=O)[O-])cc(C(F)(F)F)c2)cn1,360.3099,3.019,69.98,1,1,5,3,3,0.1111111111111111,-1,26,0.6538461538461539,c1ccc(Nc2cccc(-n3ccnc3)c2)cc1
1651,COc1cc(Nc2ccc(Cl)cc2-c2nnn[nH]2)cc(C(F)(F)F)c1,369.7289,4.6371,75.72,1,4,5,3,3,0.13333333333333333,0,25,0.68,c1ccc(Nc2ccccc2-c2nnn[nH]2)cc1
1652,O=[N+](O)c1cc(Nc2ccccc2-c2nnn[nH]2)cc(C(F)(F)F)c1,351.2634,1.6399,106.80000000000001,2,4,5,3,3,0.07142857142857142,1,25,0.68,c1ccc(Nc2ccccc2-c2nnn[nH]2)cc1
1653,COC(=O)c1cc(Nc2ccccc2C(=O)O)cc(C(F)(F)F)c1,339.266,3.7822,75.63,1,2,6,2,2,0.125,0,24,0.5,c1ccc(Nc2ccccc2)cc1
1654,NC(=O)c1cc(Nc2ccccc2C(=O)O)cc(C(F)(F)F)c1,324.2546,2.8976,92.42,2,1,5,2,2,0.06666666666666667,0,23,0.5217391304347826,c1ccc(Nc2ccccc2)cc1
1655,O=C([O-])c1ccccc1Nc1cc(N2CCOCC2)cc(C(F)(F)F)c1,365.3264,3.0989,64.63,1,1,5,3,2,0.2777777777777778,-1,26,0.6923076923076923,c1ccc(Nc2cccc(N3CCOCC3)c2)cc1
1656,COC(=O)c1cc(Nc2ccccc2-c2nnn[nH]2)cc(C(F)(F)F)c1,363.294,3.8445,92.78999999999999,1,5,6,3,3,0.125,0,26,0.6538461538461539,c1ccc(Nc2ccccc2-c2nnn[nH]2)cc1
1657,NC(=O)c1cc(Nc2ccccc2-c2nnn[nH]2)cc(C(F)(F)F)c1,348.2826,2.9599,109.58000000000001,2,4,5,3,3,0.06666666666666667,0,25,0.68,c1ccc(Nc2ccccc2-c2nnn[nH]2)cc1
1658,FC(F)(F)c1cc(Nc2ccccc2-c2nnn[nH]2)cc(OC2CC2)c1,361.3212,4.4624,75.72000000000001,1,4,6,4,3,0.23529411764705882,0,26,0.7692307692307693,c1cc(Nc2ccccc2-c2nnn[nH]2)cc(OC2CC2)c1
1659,Cc1cc(Nc2ccccc2-c2nnn[nH]2)cc(C(F)(F)F)c1,319.2845,4.4753,66.49000000000001,1,3,4,3,3,0.13333333333333333,0,23,0.7391304347826086,c1ccc(Nc2ccccc2-c2nnn[nH]2)cc1
1660,C1=CC(=CC(=C1)NC2=C(C=C(C=C2)[N+](=O)[O-])C(=O)O)C(F)(F)F,326.2275,3.8212,92.47000000000001,1,0,5,2,2,0.07142857142857142,0,23,0.5217391304347826,c1ccc(Nc2ccccc2)cc1
1661,COc1ccc(Nc2ccccc2C(=O)[O-])cc1OCc1ccc(Cl)cc1,382.817,4.5218,70.62,1,2,7,3,3,0.09523809523809523,-1,27,0.6666666666666666,c1ccc(COc2cccc(Nc3ccccc3)c2)cc1
1662,COc1ccc(Nc2ccccc2C(=O)[O-])cc1OCc1cccc(F)c1,366.3624,4.0629,70.62,1,2,7,3,3,0.09523809523809523,-1,27,0.6666666666666666,c1ccc(COc2cccc(Nc3ccccc3)c2)cc1
1663,COc1cccc(COc2cc(Nc3ccccc3C(=O)[O-])ccc2OC)c1,378.3979,3.841,79.85000000000001,1,3,8,3,3,0.13636363636363635,-1,28,0.6428571428571429,c1ccc(COc2cccc(Nc3ccccc3)c2)cc1
1664,O=C([O-])c1ccccc1Nc1cc(C(F)(F)F)cc(C(F)(F)F)c1Cl,382.665,4.8557,52.16,1,0,5,2,2,0.13333333333333333,-1,25,0.48,c1ccc(Nc2ccccc2)cc1
1665,FC(F)(F)c1cc(Nc2ccccc2-c2nnn[n-]2)c(Cl)c(C(F)(F)F)c1,406.693,5.6994,64.80000000000001,1,4,5,3,3,0.13333333333333333,-1,27,0.6296296296296297,c1ccc(Nc2ccccc2-c2nnn[n-]2)cc1
1666,Cc1ccc(Nc2ccccc2C(=O)[O-])cc1OCc1ccc(Cl)cc1,366.8176,5.0244,61.39,1,1,6,3,3,0.09523809523809523,-1,26,0.6923076923076923,c1ccc(COc2cccc(Nc3ccccc3)c2)cc1
1667,COc1cccc(COc2cc(Nc3ccccc3C(=O)[O-])ccc2C)c1,362.3985,4.3436,70.62,1,2,7,3,3,0.13636363636363635,-1,27,0.6666666666666666,c1ccc(COc2cccc(Nc3ccccc3)c2)cc1
1668,Cc1ccc(Nc2ccccc2C(=O)[O-])cc1OCc1cccc(F)c1,350.363,4.5655,61.39,1,1,6,3,3,0.09523809523809523,-1,26,0.6923076923076923,c1ccc(COc2cccc(Nc3ccccc3)c2)cc1
1669,O=C([O-])c1ccccc1Nc1cccc(OCc2ccc(Cl)cc2)c1,352.791,4.5382,61.39,1,1,6,3,3,0.05,-1,25,0.72,c1ccc(COc2cccc(Nc3ccccc3)c2)cc1
1670,COc1cccc(COc2cccc(Nc3ccccc3C(=O)[O-])c2)c1,348.3719,3.8574,70.62,1,2,7,3,3,0.09523809523809523,-1,26,0.6923076923076923,c1ccc(COc2cccc(Nc3ccccc3)c2)cc1
1671,O=C([O-])c1ccccc1Nc1cccc(OCc2cccc(F)c2)c1,336.3364,4.0793,61.39,1,1,6,3,3,0.05,-1,25,0.72,c1ccc(COc2cccc(Nc3ccccc3)c2)cc1
1672,NS(=O)(=O)c1ccccc1Nc1cccc(OCc2ccccc2)c1,354.4228,3.621,81.42,2,3,6,3,3,0.05263157894736842,0,25,0.72,c1ccc(COc2cccc(Nc3ccccc3)c2)cc1
1673,C1=CC=C(C(=C1)C(=O)N)NC2=CC=CC(=C2)C(F)(F)F,280.2451,3.2932,55.120000000000005,2,1,4,2,2,0.07142857142857142,0,20,0.6,c1ccc(Nc2ccccc2)cc1
1674,O=Cc1ccc(Cl)cc1Nc1ccccc1C(=O)O,275.6871,3.4083,66.4,1,1,4,2,2,0.0,0,19,0.631578947368421,c1ccc(Nc2ccccc2)cc1
1675,COC(=O)c1cccc(C(=O)O)c1Nc1cccc(C(F)(F)F)c1,339.266,3.7822,75.63000000000001,1,2,6,2,2,0.125,0,24,0.5,c1ccc(Nc2ccccc2)cc1
1676,O=C(O)c1ccccc1Nc1cc(C#CC2CC2)cc(C(F)(F)F)c1,345.3152,5.3398,49.33,1,0,4,3,2,0.21052631578947367,0,25,0.6,C(#CC1CC1)c1cccc(Nc2ccccc2)c1
1677,CCCCc1cc2cccc(C(=O)O)c2n1-c1cccc(C(F)(F)F)c1,361.3576,6.0871,42.23,0,0,6,3,3,0.25,0,26,0.5769230769230769,c1ccc(-n2ccc3ccccc32)cc1
1678,Oc1cc(-c2ccccc2Nc2cccc(C(F)(F)F)c2)on1,320.2659,4.8155,58.29,2,3,4,3,3,0.0625,0,23,0.7391304347826086,c1ccc(Nc2ccccc2-c2ccno2)cc1
1679,CCCCC#Cc1ccc(Nc2ccccc2C(=O)O)cc1C(F)(F)F,361.3576,6.372,49.33,1,0,6,2,2,0.25,0,26,0.46153846153846156,c1ccc(Nc2ccccc2)cc1
1680,CC#Cc1ccc(Nc2ccccc2C(=O)O)cc1C(F)(F)F,319.2779,5.0034,49.33,1,0,4,2,2,0.11764705882352941,0,23,0.5217391304347826,c1ccc(Nc2ccccc2)cc1
1681,CCCCCNC(=O)c1ccc(Nc2ccccc2C(=O)O)cc1C(F)(F)F,394.3875,4.9198,78.43,2,1,10,2,2,0.3,0,28,0.42857142857142855,c1ccc(Nc2ccccc2)cc1
1682,FC(F)(F)c1cc(-c2ccccc2)nc(Nc2ccccc2-c2nnn[nH]2)n1,383.33,5.1068,92.27,1,5,5,4,4,0.05555555555555555,0,28,0.8214285714285714,c1ccc(-c2ccnc(Nc3ccccc3-c3nnn[nH]3)n2)cc1
1683,COC(=O)C1=CC=CC=C1NC2=CC=CC(=C2)C(F)(F)F,295.2565,4.1778,38.33,1,2,5,2,2,0.13333333333333333,0,21,0.5714285714285714,c1ccc(Nc2ccccc2)cc1
1684,FC(F)(F)c1cccc(Nc2ccccc2-c2cnoc2)c1,304.2665,4.1126,38.06,1,2,4,3,3,0.0625,0,22,0.7727272727272727,c1ccc(Nc2ccccc2-c2cnoc2)cc1
1685,FC(F)(F)c1cccc(Nc2ccccc2-c2cnn[nH]2)c1,304.2698,4.0636,53.6,2,2,4,3,3,0.06666666666666667,0,22,0.7727272727272727,c1ccc(Nc2ccccc2-c2cnn[nH]2)cc1
1686,CCC12CC(=C)C3C(C1CCC2(C#C)O)CCC4=CCCCC34,310.473,5.8288,20.23,2,1,1,4,0,0.7272727272727273,0,23,0.7391304347826086,C=C1CC2CCCC2C2CCC3=CCCCC3C12
1687,COC(=O)NC1=NC2=C(N1)C=C(C=C2)C(=O)C3=CC=CC=C3,295.2927,3.1939,84.07999999999998,2,4,5,3,3,0.0625,0,22,0.6818181818181818,O=C(c1ccccc1)c1ccc2nc[nH]c2c1
1688,COC1=CC2=C(C=CN=C2C=C1OC)OC3=CC=C(C=C3)NC(=O)C4(CC4)C(=O)NC5=CC=C(C=C5)F.C(C(C(=O)O)O)C(=O)O,635.5931,3.2806,193.60999999999996,3,7,13,5,4,0.21875,0,46,0.5434782608695652,O=C(Nc1ccccc1)C1(C(=O)Nc2ccc(Oc3ccnc4ccccc34)cc2)CC1
1689,CCC12CCC3C(C1C=CC2(C#C)O)CCC4=CC(=O)CCC34,310.4299,4.2154,37.3,2,2,1,4,0,0.6666666666666666,0,23,0.7391304347826086,O=C1C=C2CCC3C4C=CCC4CCC3C2CC1
1690,COC1=CC2=C(C=CN=C2C=C1OC)OC3=CC=C(C=C3)NC(=O)C4(CC4)C(=O)NC5=CC=C(C=C5)F,501.5057,4.3428,98.78,2,6,10,5,4,0.17857142857142858,0,37,0.6756756756756757,O=C(Nc1ccccc1)C1(C(=O)Nc2ccc(Oc3ccnc4ccccc34)cc2)CC1
1691,CC1CCC2C(C(OC3C24C1CCC(O3)(OO4)C)OC)C,298.3746,3.1709,46.150000000000006,0,5,1,4,0,1.0,0,21,0.7619047619047619,C1CC2CCOC3OC4CCC(C1)C23OO4
1692,CC1CC(=O)C=C(C12C(=O)C3=C(O2)C(=C(C=C3OC)OC)Cl)OC,352.7663,2.062,71.06000000000002,0,6,3,3,1,0.4117647058823529,0,24,0.5833333333333334,O=C1C=CC2(CC1)Oc1ccccc1C2=O
1693,CCC12CC(=C)C3C(C1CCC2(C#C)O)CCC4=CC(=O)CCC34,324.4565,4.5807,37.3,2,2,1,4,0,0.6818181818181818,0,24,0.7083333333333334,C=C1CC2CCCC2C2CCC3=CC(=O)CCC3C12
1694,CC12CCC3C(C1CCC2(C#C)O)CCC4=CC(=O)CCC34,298.4192,4.0688,37.3,2,2,0,4,0,0.75,0,22,0.7727272727272727,O=C1C=C2CCC3C4CCCC4CCC3C2CC1
1695,CC1=C(NC(=C1CCC(=O)O)C)C=C2C3=CC=CC=C3NC2=O,310.3471,2.4853,82.19,2,1,4,3,2,0.2222222222222222,0,23,0.6086956521739131,O=C1Nc2ccccc2C1=Cc1ccc[nH]1
1696,COC1=C(C=C(C=C1)C=CC2=CC(=C(C(=C2)OC)OC)OC)OP(=O)([O-])[O-].[Na+].[Na+],440.292,1.8478,109.34,0,6,8,2,2,0.2222222222222222,0,29,0.41379310344827586,C(=Cc1ccccc1)c1ccccc1
1697,CC(C)CC1C(=O)N2CCCC2C3(N1C(=O)C(O3)(C(C)C)NC(=O)C4CN(C5CC6=C(NC7=CC=CC(=C67)C5=C4)Br)C)O.CS(=O)(=O)O,750.7002,3.8254,172.58,3,6,6,7,2,0.6060606060606061,0,48,0.5833333333333334,O=C(NC1OC2C3CCCN3C(=O)CN2C1=O)C1C=C2c3cccc4[nH]cc(c34)CC2NC1
1698,COC1=CC(=CC(=C1OC)OC)C2C3C(COC3=O)C(C4=CC5=C(C=C24)OCO5)O,414.4053,2.1117,92.68,1,8,4,5,2,0.4090909090909091,0,30,0.7333333333333333,O=C1OCC2Cc3cc4c(cc3C(c3ccccc3)C12)OCO4
1699,CCC1=CC2CC(C3=C(CN(C2)C1)C4=CC=CC=C4N3)(C5=C(C=C6C(=C5)C78CCN9C7C(C=CC9)(C(C(C8N6C)(C(=O)OC)O)OC(=O)C)CC)OC)C(=O)OC,778.9323,5.146,133.87,2,8,10,9,3,0.5333333333333333,0,57,0.6491228070175439,C1=CC2CC(c3ccc4c(c3)C35CCN6CC=CC(CCC3N4)C65)c3[nH]c4ccccc4c3CN(C1)C2
1700,CCOC(=O)NC1CCC2C(C1)CC3C(C2C=CC4=NC=C(C=C4)C5=CC(=CC=C5)F)C(OC3=O)C,492.5817,5.3493,77.52000000000001,1,5,7,5,2,0.4827586206896552,0,36,0.6944444444444444,O=C1OCC2C1CC1CCCCC1C2C=Cc1ccc(-c2ccccc2)cn1
1701,CCC12CCC3C(C1CCC2(C#C)O)CCC4=CC(=O)CCC34,312.4458,4.525,37.3,2,2,1,4,0,0.7619047619047619,0,23,0.7391304347826086,O=C1C=C2CCC3C4CCCC4CCC3C2CC1
1702,CC12CCC3C(C1CCC2C(=O)NC4=C(C=CC(=C4)C(F)(F)F)C(F)(F)F)CCC5C3(C=CC(=O)N5)C,528.5297,5.5973,58.2,2,2,5,5,1,0.6296296296296297,0,37,0.6216216216216216,O=C1C=CC2C(CCC3C2CCC2C(C(=O)Nc4ccccc4)CCC23)N1
1703,CC1=C(C(=C(C=C1)Cl)NC2=CC=CC=C2C(=O)[O-])Cl.[Na+],318.1305,4.1217,52.16,1,0,3,2,2,0.07142857142857142,0,20,0.6,c1ccc(Nc2ccccc2)cc1
1704,CC1=C(C=CC=C1NC2=C(C=CC=N2)C(=O)O)C(F)(F)F.CNCC(C(C(C(CO)O)O)O)O,491.4581,1.0062,175.39999999999998,6,6,10,2,2,0.42857142857142855,0,34,0.35294117647058826,c1ccc(Nc2ccccn2)cc1
1705,CC1CC2C(CCC3(C2CCC3(C(=O)C)OC(=O)C)C)C4(C1=CC(=O)CC4)C,386.5244,3.3691,60.440000000000005,0,4,3,4,0,0.7916666666666666,0,28,0.6071428571428571,O=C1C=C2CCC3C4CCCC4CCC3C2CC1
1706,CCC1(CC2CC(C3=C(CCN(C2)C1)C4=CC=CC=C4N3)(C5=C(C=C6C(=C5)C78CCN9C7C(C=CC9)(C(C(C8N6C)(C(=O)OC)O)OC(=O)C)CC)OC)C(=O)OC)O,810.9741,4.636,154.1,3,9,10,9,3,0.5869565217391305,0,59,0.6440677966101694,C1=CC2CCC3Nc4ccc(C5CC6CCCN(CCc7c5[nH]c5ccccc75)C6)cc4C34CCN(C1)C24
1707,CC1=C(C=CC=C1Cl)NC2=CC=CC=C2C(=O)O,261.7036,4.1351,49.33,1,0,3,2,2,0.07142857142857142,0,18,0.6666666666666666,c1ccc(Nc2ccccc2)cc1
1708,CC(C1=NC(=CS1)C2=CC=C(C=C2)C#N)C(CN3C=NC=N3)(C4=C(C=CC(=C4)F)F)O,437.4651,3.038,87.62,1,5,6,4,4,0.18181818181818182,0,31,0.7096774193548387,c1ccc(-c2csc(CC(Cn3cncn3)c3ccccc3)n2)cc1
1709,CC12CCC3C(C1CCC2=O)CC(=C)C4=CC(=O)C=CC34C,296.4034,3.1129,34.14,0,2,0,4,0,0.6,0,22,0.7727272727272727,C=C1CC2C(CCC3C(=O)CCC32)C2C=CC(=O)C=C12
1710,CCC(C)N1C(=O)N(C=N1)C2=CC=C(C=C2)N3CCN(CC3)C4=CC=C(C=C4)OCC5COC(O5)(CN6C=NC=N6)C7=C(C=C(C=C7)Cl)Cl,705.6334,6.3567,104.70000000000002,0,7,11,7,5,0.37142857142857144,0,49,0.7959183673469388,O=c1[nH]ncn1-c1ccc(N2CCN(c3ccc(OCC4COC(Cn5cncn5)(c5ccccc5)O4)cc3)CC2)cc1
1711,CC1CN(CC(O1)C)C2=NC=C(C=C2)NC(=O)C3=CC=CC(=C3C)C4=CC=C(C=C4)OC(F)(F)F.OP(=O)(O)O.OP(=O)(O)O,681.4885,5.6457,219.20999999999998,1,10,7,4,3,0.3076923076923077,0,45,0.5333333333333333,O=C(Nc1ccc(N2CCOCC2)nc1)c1cccc(-c2ccccc2)c1
1712,CCC(=O)OC1(C(CC2C1(CC(C3(C2CC(C4=CC(=O)C=CC43C)F)F)O)C)C)C(=O)CCl,484.9604,3.3037,80.67000000000002,1,5,5,4,0,0.72,0,33,0.5151515151515151,O=C1C=CC2C(=C1)CCC1C3CCCC3CCC21
1713,C1=CC(=C(C(=C1)Cl)SC(CCC2=CC=C(C=C2)Cl)CN3C=CN=C3)Cl.[N+](=O)(O)[O-],474.7885,6.3867,81.19,1,2,7,3,3,0.21052631578947367,0,29,0.5862068965517241,c1ccc(CCC(Cn2ccnc2)Sc2ccccc2)cc1
1714,CCCOC1=CC2=C(C=C1)N=C(N2)NC(=O)OC,249.2658,2.6458,76.24,2,4,6,2,2,0.3333333333333333,0,18,0.5,c1ccc2[nH]cnc2c1
1715,CCOC(=O)OC1(CCC2C1(CC(C3C2CCC4=CC(=O)C=CC34C)O)C)C(=O)OCCl,466.9517,3.512,99.13000000000001,1,7,7,4,0,0.7083333333333334,0,32,0.53125,O=C1C=CC2C(=C1)CCC1C3CCCC3CCC21
1716,CCC1=CC2CC(C3=C(CN(C2)C1)C4=CC=CC=C4N3)(C5=C(C=C6C(=C5)C78CCN9C7C(C=CC9)(C(C(C8N6C)(C(=O)OC)O)OC(=O)C)CC)OC)C(=O)OC.C(C(C(=O)O)O)(C(=O)O)O.C(C(C(=O)O)O)(C(=O)O)O,1079.1059,1.7172,363.99,6,12,16,9,3,0.5283018867924528,0,77,0.4805194805194805,C1=CC2CC(c3ccc4c(c3)C35CCN6CC=CC(CCC3N4)C65)c3[nH]c4ccccc4c3CN(C1)C2
1717,CC(=O)OCC(=O)C1CCC2C1(CCC3C2CCC4=CC(=O)CCC34C)C,372.4978,3.1808,60.440000000000005,0,4,4,4,0,0.782608695652174,0,27,0.6296296296296297,O=C1C=C2CCC3C4CCCC4CCC3C2CC1
1718,COC1=CC2=C(C=CN=C2C=C1OCCCN3CCOCC3)OC4=C(C=C(C=C4)NC(=O)C5(CC5)C(=O)NC6=CC=C(C=C6)F)F,632.6538,4.4371,111.25,2,7,14,6,4,0.3235294117647059,0,46,0.6739130434782609,O=C(Nc1ccccc1)C1(C(=O)Nc2ccc(Oc3ccnc4cc(OCCCN5CCOCC5)ccc34)cc2)CC1
1719,C1=CC(=CC=C1CSC(CN2C=CN=C2)C3=C(C=C(C=C3)Cl)Cl)Cl.[N+](=O)(O)[O-],460.7619,5.6162,81.19,1,3,6,3,3,0.16666666666666666,0,28,0.6071428571428571,c1ccc(CSC(Cn2ccnc2)c2ccccc2)cc1
1720,CC12CCC(CC1=CCC3C2CCC4(C3CC=C4N5C=NC6=CC=CC=C65)C)O,388.5451,4.8522,38.05,1,2,1,6,2,0.5769230769230769,0,29,0.896551724137931,C1=C2CCCCC2C2CCC3C(n4cnc5ccccc54)=CCC3C2C1
1721,CCCSC1=CC2=C(C=C1)N=C(N2)NC(=O)OC,265.3314,3.204,67.01,2,3,6,2,2,0.3333333333333333,0,18,0.5,c1ccc2[nH]cnc2c1
1722,CCC(C)C(C(CC(=O)N1CCCC1C(C(C)C(=O)NC(C)C(C2=CC=CC=C2)O)OC)OC)N(C)C(=O)C(C(C)C)NC(=O)C(C(C)C)NC,717.9786,3.4608,149.54,3,7,24,2,1,0.7435897435897436,0,51,0.21568627450980393,O=C(CCC1CCCN1)NCCc1ccccc1
1723,COC1=CC(=CC(=C1OC)OC)C2=COC3=CC4=C(C(=C3C2=O)OC)OCO4,386.3521,3.142,85.59,0,8,5,4,3,0.25,0,28,0.6785714285714286,O=c1c(-c2ccccc2)coc2cc3c(cc12)OCO3
1747,CC(=O)SC1CC2=CC(=O)CCC2(C3C1C4CCC5(C4(CC3)C)CCC(=O)O5)C,416.5735,3.4852,60.44,0,5,2,5,0,0.7916666666666666,0,29,0.7241379310344828,O=C1C=C2CCC3C(CCC4C3CCC43CCC(=O)O3)C2CC1
1748,CCC(C)(C)C(=O)OC1CC(C=C2C1C(C(C=C2)C)CCC3CC(CC(=O)O3)O)C,418.5662,4.635,72.83000000000001,1,5,7,3,0,0.76,0,30,0.5333333333333333,O=C1CCCC(CCC2CC=CC3=CCCCC32)O1
1749,CC12CCC3C(C1CCC2C(=O)NC(C)(C)C)CCC4C3(C=CC(=O)N4)C,372.5441,3.0674,58.2,2,2,3,4,0,0.8260869565217391,0,27,0.6296296296296297,O=C1C=CC2C(CCC3C4CCCC4CCC23)N1
1751,COC1=CC=C(C=C1)C(=O)C2=CC=CC=C2C(=O)[O-].[Na+],278.2352,2.1444,66.43,0,2,4,2,2,0.06666666666666667,0,20,0.6,O=C(c1ccccc1)c1ccccc1
1782,CC(C)C1=NC(=CS1)CN(C)C(=O)NC(C(C)C)C(=O)NC(CC2=CC=CC=C2)CC(C(CC3=CC=CC=C3)NC(=O)OCC4=CN=CS4)O,720.9442,5.664,145.78,4,7,22,4,4,0.43243243243243246,0,50,0.44,O=C(CNC(=O)NCc1cscn1)NC(CCC(Cc1ccccc1)NC(=O)OCc1cncs1)Cc1ccccc1
1784,CCCCCCCCCC(=O)CC(=O)NC1CCOC1=O,297.3899,2.7286,72.47,1,4,12,1,0,0.8125,0,21,0.23809523809523808,O=C1CCCO1
1786,CC12CCC3=C(C1CCC45C2CCC(C4)C(C5)(CO)O)C=CO3,316.4345,2.6183,53.6,2,3,1,5,1,0.8,0,23,0.8260869565217391,c1cc2c(o1)CCC1C2CCC23CCC(CCC12)C3
1787,CC12C=CC3=C(C1CCC45C2CCC(C4)C(C5)(CO)O)C=CO3,314.4186,2.4884,53.6,2,3,1,5,1,0.7,0,23,0.8260869565217391,C1=CC2C(CCC34CCC(CCC23)C4)c2ccoc21
1788,CC12CC(=O)C3=C(C1CCC45C2C6CC(C4)C(C5)(O6)CO)CCO3,330.418,0.8134,55.760000000000005,1,4,1,6,0,0.85,0,24,0.8333333333333334,O=C1CC2C(CCC34CC5CC(OC5C3)C24)C2=C1OCC2
1939,COC1=CC(=CC(=C1O)OC)C2=[O+]C3=CC(=CC(=C3C=C2OC4C(C(C(C(O4)CO)O)O)O)O)O.[Cl-],528.8904,-1.5225,189.82999999999998,7,12,6,4,3,0.34782608695652173,0,36,0.6111111111111112,c1ccc(-c2[o+]c3ccccc3cc2OC2CCCCO2)cc1
1951,C1C(C(OC2=CC(=CC(=C21)O)O)C3=CC(=O)C(=C4C(=C3)C(=CC(=C4O)O)C5C(CC6=C(C=C(C=C6O5)O)O)OC(=O)C7=CC(=C(C(=C7)O)O)O)O)O,716.5979,4.4424,284.35999999999996,11,16,5,7,5,0.16666666666666666,0,52,0.7115384615384616,O=C(OC1Cc2ccccc2OC1c1cccc2cc(=O)cc(C3CCc4ccccc4O3)cc12)c1ccccc1
1952,C1C(C(OC2=CC(=CC(=C21)O)O)C3=CC(=C(C4=C3C=C(C=C(C4=O)O)C5C(CC6=C(C=C(C=C6O5)O)O)OC(=O)C7=CC(=C(C(=C7)O)O)O)O)O)O,716.5979,4.4424,284.35999999999996,11,16,5,7,5,0.16666666666666666,0,52,0.7115384615384616,O=C(OC1Cc2ccccc2OC1c1ccc(=O)c2cccc(C3CCc4ccccc4O3)c2c1)c1ccccc1
1953,C1C(C(OC2=CC(=CC(=C21)O)O)C3=CC4=C(C(=C(C=C4C5C(CC6=C(C=C(C=C6O5)O)O)O)O)O)C(=O)C(=C3)O)O,564.4937,3.2012,217.59999999999997,9,12,2,6,4,0.20689655172413793,0,41,0.7560975609756098,O=c1ccc(C2CCc3ccccc3O2)cc2c(C3CCc4ccccc4O3)cccc12
1972,CC(=O)C1=CC2=CC=CC=C2O1,160.1693,2.0745,30.21,0,2,1,2,2,0.1,0,12,0.75,c1ccc2occc2c1
2028,CC1C(C(C(C(O1)OC2C(C(C(OC2OC3C(C(C(OC3OC4CCC5(C(C4(C)CO)CCC6(C5CC=C7C6(CCC8(C7CC(CC8O)(C)C)C)C)C)C)C(=O)O)O)O)CO)O)O)O)O)O,943.1221,0.8608,294.97999999999996,10,16,9,8,0,0.9375,0,66,0.6060606060606061,C1=C2C3CCCCC3CCC2C2CCC3CC(OC4OCCCC4OC4OCCCC4OC4CCCCO4)CCC3C2C1
2033,C1=CC(=CC=C1C2=[O+]C3=CC(=CC(=C3C=C2O)O)O)O.[Cl-],306.6978,0.4147,92.22000000000001,4,5,1,3,3,0.0,0,21,0.7619047619047619,c1ccc(-c2ccc3ccccc3[o+]2)cc1
2036,C1=CC(=CC=C1C2=COC3=CC(=CC(=C3C2=O)O)OC4C(C(C(C(O4)COC(=O)CC(=O)O)O)O)O)O,518.4237,0.8971,213.41999999999996,5,11,8,4,3,0.2916666666666667,0,37,0.5945945945945946,O=c1c(-c2ccccc2)coc2cc(OC3CCCCO3)ccc12
2038,CC1=C(SC=[N+]1CC2=CN=C(N=C2N)C)CCO.[Cl-],300.8076,-2.4828,75.91,2,3,4,2,2,0.4166666666666667,0,19,0.5789473684210527,c1ncc(C[n+]2ccsc2)cn1
2039,CC1=NC=C(C(=C1O)CO)CO.Cl,205.6388,-0.618,73.58000000000001,3,4,2,1,1,0.375,0,13,0.46153846153846156,c1ccncc1
2040,CC(C)CCCC(C)C1CCC2C1(CCCC2=CC=C3CC(CCC3=C)O)C,384.6377,7.756,20.23,1,1,6,3,0,0.7777777777777778,0,28,0.5357142857142857,C=C1CCCCC1=CC=C1CCCC2CCCC12
2041,CC1=C(C(CCC1)(C)C)C=CC(=CC=CC(=CCO)C)C,286.4516,5.3167,20.23,1,1,5,1,0,0.5,0,21,0.2857142857142857,C1=CCCCC1
2045,COC1=C(C=CC(=C1)C=O)O,152.1473,1.3056,46.53,1,3,2,1,1,0.125,0,11,0.5454545454545454,c1ccccc1
2052,CC(C)CC(C(=O)NCC(=O)NC(CCCCN)C(=O)O)NC(=O)C(C)NC(=O)C(CCC(=O)N)NC(=O)C(C(C)O)NC(=O)C(CC1=CC=CC=C1)NC(=O)C(CO)NC(=O)C(CCCNC(=N)N)NC(=O)C(CC(=O)N)NC(=O)C(CC2=CC=CC=C2)NC(=O)C(CC(C)C)NC(=O)C(CCCNC(=N)N)NC(=O)C(CC3=CC=CC=C3)NC(=O)C(CC4=CC=CC=C4)NC(=O)C(C(C)O)NC(=O)C(CO)NC(=O)C(CC(C)C)NC(=O)C(CO)NC(=O)CNC(=O)C(CO)N,2364.6566,-9.1042,1002.7000000000002,30,30,100,4,4,0.5462962962962963,0,168,0.14285714285714285,O=C(CNC(=O)CNC(=O)CNC(=O)C(Cc1ccccc1)NC(=O)CNC(=O)CNC(=O)C(Cc1ccccc1)NC(=O)CCc1ccccc1)NCCc1ccccc1
2053,C1=C[N+](=CN1CCCCC(C(=O)O)N)CCCCC(C(=O)O)N,327.3993,-0.1464,135.45,0,0,12,1,1,0.6666666666666666,1,23,0.21739130434782608,c1c[nH+]c[nH]1
2054,C(CCN)CC(C(=O)O)NCC(=O)O,204.2236,-0.8986,112.65000000000002,0,0,8,0,0,0.75,0,14,0.0,
2074,CC(=CCC1=C2C(=C(C=C1O)O)C(=O)CC(O2)C3=CC=C(C=C3)O)C,340.3698,4.1543,86.99000000000001,3,5,3,3,2,0.25,0,25,0.64,O=C1CC(c2ccccc2)Oc2ccccc21
2076,CC(=CCC1=C2C(=C(C=C1O)O)C(=O)C(=C(O2)C3=CC=C(C=C3)O)O)C,354.3533,4.655,111.13000000000001,4,6,3,3,3,0.15,0,26,0.6153846153846154,O=c1cc(-c2ccccc2)oc2ccccc12
2085,C1C(C(OC2=C1C(=CC(=C2C3C(C(OC4=CC(=CC(=C34)O)O)C5=CC(=C(C=C5)O)O)O)O)O)C6=CC(=C(C=C6)O)O)O,578.5202,3.3619,220.75999999999996,10,12,3,6,4,0.2,0,42,0.7619047619047619,c1ccc(C2CC(c3cccc4c3OC(c3ccccc3)CC4)c3ccccc3O2)cc1
2086,C1C(C(OC2=C1C(=CC(=C2C3C(C(OC4=CC(=CC(=C34)O)O)C5=CC(=C(C=C5)O)O)O)O)O)C6=CC(=C(C=C6)O)O)O,578.5202,3.3619,220.75999999999996,10,12,3,6,4,0.2,0,42,0.7619047619047619,c1ccc(C2CC(c3cccc4c3OC(c3ccccc3)CC4)c3ccccc3O2)cc1
2107,COC1=CC2=C(C=C1)C=CC(=O)O2,176.1687,1.9951,39.44,0,3,1,2,2,0.1,0,13,0.7692307692307693,O=c1ccc2ccccc2o1
2110,COC1=C(C=CC(=C1)C(=O)O)O,168.1467,1.1506,66.76,1,2,2,1,1,0.125,0,12,0.5,c1ccccc1
2112,C1=CC(=C(C=C1C(=O)O)O)O,154.1201,0.8996,77.76,2,2,1,1,1,0.0,0,11,0.5454545454545454,c1ccccc1
2115,COC1=C(C=CC(=C1)C=CC(=O)O)O,194.184,1.5117,66.76,1,2,3,1,1,0.1,0,14,0.42857142857142855,c1ccccc1
2142,CC1C2C(CC(=C3C(C2OC1=O)C(=CC3=O)CO)C)OC(=O)CC4=CC=C(C=C4)O,412.4325,2.0163,110.13000000000001,2,7,5,4,1,0.43478260869565216,0,30,0.6333333333333333,O=C(Cc1ccccc1)OC1CC=C2C(=O)C=CC2C2OC(=O)CC12
2180,C1CCN(CC1)C(=O)C=CC=CC2=CC3=C(C=C2)OCO3,285.3377,2.7582,38.77,0,3,4,3,1,0.35294117647058826,0,21,0.7142857142857143,O=C(C=CC=Cc1ccc2c(c1)OCO2)N1CCCCC1
2181,CC1=C2C(=O)C=C(CO)[C@@H]2[C@H]2OC(=O)C(C)[C@@H]2[C@@H](O)C1,278.3004,0.2055,83.83,2,5,1,3,0,0.6,0,20,0.65,O=C1C[C@@H]2CCC=C3C(=O)C=C[C@@H]3[C@H]2O1
2182,CCCCCCCC1=CC(=O)C2=CC=CC=C2N1,243.344,4.8532,32.86,1,1,6,2,2,0.4375,0,18,0.5555555555555556,O=c1cc[nH]c2ccccc12
2183,CC1C2CC(C(=C)C(CCC(=CC2OC1=O)C)O)O,266.3328,1.8576,66.76,2,4,0,2,0,0.6666666666666666,0,19,0.6842105263157895,C=C1CCCC=CC2OC(=O)CC2CC1
2186,CC[C@H](C)C(=O)C1=C(O[Si](C)(C)C)[C@@](O[Si](C)(C)C)(C(=O)CC=C(C)C)[C@@H](CC=C(C)C)C1=O,506.8221,7.1465,69.67,0,5,12,1,0,0.6666666666666666,0,34,0.14705882352941177,O=C1C=CCC1
2189,CC1(C2CCC1(C(=O)C2)C)C,152.2334,1.9358,17.07,0,1,0,2,0,0.9,0,11,0.6363636363636364,O=C1CC2CCC1C2
2192,CC(C)(C)C1=C(C=CC(=C1)OC)O,180.2435,2.9466,29.46,1,2,2,1,1,0.45454545454545453,0,13,0.46153846153846156,c1ccccc1
2193,CC(=O)C1=C(C(=O)C2=C(C=C(C=C2O1)OC3C(C(C(C(O3)CO)O)O)O)O)C4=CC=C(C=C4)O,474.4142,0.9013,187.12,6,11,5,4,3,0.30434782608695654,0,34,0.6470588235294118,O=c1c(-c2ccccc2)coc2cc(OC3CCCCO3)ccc12
2200,C1=CC=C(C=C1)CC(C(=O)O)N,165.1891,0.8486,63.31999999999999,0,0,3,1,1,0.2222222222222222,0,12,0.5,c1ccccc1
2201,C1=CC=C2C(=C1)C(=CN2)CC(C(=O)O)N,204.2252,0.6263,79.11,1,0,3,2,2,0.18181818181818182,0,15,0.6,c1ccc2[nH]ccc2c1
2202,CC1CCC2C(C(=O)OC3C24C1CCC(O3)(OO4)C)C,282.3322,3.1397,53.99000000000001,0,5,0,4,0,0.9333333333333333,0,20,0.8,O=C1CC2CCCC3CCC4OOC32C(O1)O4
2221,C1=CC(=C(C=C1C2=[O+]C3=CC(=CC(=C3C=C2O)O)O)O)O.[Cl-],322.6972,0.1473,112.45000000000002,5,6,1,3,3,0.0,0,22,0.7272727272727273,c1ccc(-c2ccc3ccccc3[o+]2)cc1
2223,C1=CC(=C(C=C1C2=[O+]C3=CC(=CC(=C3C=C2O)O)O)O)O.Cl,322.6972,2.821,112.45000000000002,5,6,1,3,3,0.0,1,22,0.7272727272727273,c1ccc(-c2ccc3ccccc3[o+]2)cc1
2224,Oc1ccc(-c2[o+]c3cc(O)cc(O)c3cc2O)cc1.[Cl],306.6978,3.0884,92.22000000000001,4,5,1,3,3,0.0,1,21,0.7619047619047619,c1ccc(-c2ccc3ccccc3[o+]2)cc1
2227,C1=CC2=C(C(=C1)O)C(=O)C3=C(C2C4C(C(C(C(O4)CO)O)O)O)C=C(C=C3O)CO,418.394,-0.4539,167.91,7,9,3,4,2,0.38095238095238093,0,30,0.6666666666666666,O=C1c2ccccc2C(C2CCCCO2)c2ccccc21
2230,CN(C)CCOC(C1=CC=CC=C1)C2=CC=CC=C2.Cl,291.8157,3.2813,12.47,0,1,6,2,2,0.29411764705882354,0,20,0.6,c1ccc(Cc2ccccc2)cc1
2245,C1=CC2=C(C3=C(C=CC=N3)C=C2)N=C1.O,198.2206,1.9954,57.28,1,3,0,3,3,0.0,0,15,0.9333333333333333,c1cnc2c(c1)ccc1cccnc12
2272,C1C(C(OC2=C1C(=CC(=C2C3C(C(OC4=CC(=CC(=C34)O)O)C5=CC(=C(C=C5)O)O)O)O)O)C6=CC(=C(C=C6)O)O)O,578.5202,3.3619,220.75999999999996,10,12,3,6,4,0.2,0,42,0.7619047619047619,c1ccc(C2CC(c3cccc4c3OC(c3ccccc3)CC4)c3ccccc3O2)cc1
2275,C(C1C(C(C(C(O1)OC2=C(N=C(NC2=O)N)N)O)O)O)O,304.2566,-2.8541,197.16999999999996,7,7,3,2,1,0.6,0,21,0.5714285714285714,O=c1[nH]cncc1OC1CCCCO1
2276,CC(CCC(=O)O)C1CCC2C1(C(CC3C2C(CC4C3(CCC(C4)O)C)O)O)C,408.5714,2.8874,97.99000000000001,3,3,4,4,0,0.9583333333333334,0,29,0.5862068965517241,C1CCC2C(C1)CCC1C3CCCC3CCC21
2277,CC(CCC(=O)NCC(=O)O)C1CCC2C1(C(CC3C2C(CC4C3(CCC(C4)O)C)O)O)C,465.6227,1.9472,127.09000000000002,4,4,7,4,0,0.9230769230769231,0,33,0.5151515151515151,C1CCC2C(C1)CCC1C3CCCC3CCC21
2278,CC(CCC(=O)O)C1CCC2C1(C(CC3C2CCC4C3(CCC(C4)O)C)O)C,392.572,4.0568,77.76,2,2,4,4,0,0.9583333333333334,0,28,0.6071428571428571,C1CCC2C(C1)CCC1C3CCCC3CCC21
2279,CC(CCC(=O)O)C1CCC2C1(CCC3C2CCC4C3(CCC(C4)O)C)C,376.5726,5.1587,57.53,1,1,4,4,0,0.9583333333333334,0,27,0.6296296296296297,C1CCC2C(C1)CCC1C3CCCC3CCC21
2285,CC(C)OC(=O)C(C)NP(=O)(COC(C)CN1C=NC2=C(N=CN=C21)N)OC3=CC=CC=C3,476.4659,1.39,143.48,2,8,12,3,3,0.42857142857142855,0,33,0.45454545454545453,O=[PH](COCCn1cnc2cncnc21)Oc1ccccc1
2286,CCC(C)C1C(=O)NC(C(=O)NC(C(=O)NC(C(=O)N2CCCC2C(=O)N3CCCC3C(=O)NC(C(=O)NC(C(=O)NC(C(=O)N1)CC(C)C)CC4=CC=CC=C4)CC5=CC=CC=C5)C(C)C)CC(C)C)C(C)CC,1040.3397,5.5488,244.32,7,9,13,5,2,0.631578947368421,0,75,0.6,O=C1CNC(=O)CNC(=O)CNC(=O)C(Cc2ccccc2)NC(=O)C(Cc2ccccc2)NC(=O)C2CCCN2C(=O)C2CCCN2C(=O)CNC(=O)CN1
2287,CCC(C)C1C(=O)NC(C(=O)NC(C(=O)NC(C(=O)N2CCCC2C(=O)N3CCCC3C(=O)NC(C(=O)NC(C(=O)NC(C(=O)N1)C(C)C)CC4=CC=CC=C4)CC5=CC=CC=C5)C(C)CC)CC(C)C)CCS(=O)C,1074.3775,3.5327,261.39,7,9,14,5,2,0.625,0,76,0.5921052631578947,O=C1CNC(=O)CNC(=O)CNC(=O)C(Cc2ccccc2)NC(=O)C(Cc2ccccc2)NC(=O)C2CCCN2C(=O)C2CCCN2C(=O)CNC(=O)CN1
2288,CCC(C)C1C(=O)NC(C(=O)NC(C(=O)NC(C(=O)N2CCCC2C(=O)N3CCCC3C(=O)NC(C(=O)NC(C(=O)NC(C(=O)N1)C(C)C)CC4=CC=CC=C4)CC5=CC=CC=C5)C(C)CC)CC(C)C)CCS(=O)(=O)C,1090.3769,3.6287,278.46,7,11,14,5,2,0.625,0,77,0.5844155844155844,O=C1CNC(=O)CNC(=O)CNC(=O)C(Cc2ccccc2)NC(=O)C(Cc2ccccc2)NC(=O)C2CCCN2C(=O)C2CCCN2C(=O)CNC(=O)CN1
2289,CCC(C)C1C(=O)NC(C(=O)NC(C(=O)NC(C(=O)N2CCCC2C(=O)NC(C(=O)NC(C(=O)NC(C(=O)N1)CC3=CNC4=CC=CC=C43)CC5=CC=CC=C5)CC6=CC=CC=C6)CC(C)C)CC(C)C)CCS(=O)C,1064.3412,4.0937,256.87,8,8,15,6,4,0.5087719298245614,0,76,0.631578947368421,O=C1CNC(=O)CNC(=O)C(Cc2c[nH]c3ccccc23)NC(=O)C(Cc2ccccc2)NC(=O)C(Cc2ccccc2)NC(=O)C2CCCN2C(=O)CNC(=O)CN1
2290,CCC(C)C1C(=O)NC(C(=O)NC(C(=O)NC(C(=O)NC(C(=O)N2CCCC2C(=O)NC(C(=O)NC(C(=O)N1)CC3=CC=CC=C3)CC(C)C)CC4=CC=CC=C4)C(C)C)CC(C)C)CCS(=O)C,977.2623,3.6031,241.07999999999998,7,8,14,4,2,0.6078431372549019,0,69,0.5652173913043478,O=C1CNC(=O)CNC(=O)C(Cc2ccccc2)NC(=O)CNC(=O)C2CCCN2C(=O)C(Cc2ccccc2)NC(=O)CNC(=O)CN1
2291,CCC(C)C1C(=O)NC(C(=O)NC(C(=O)NC(C(=O)NC(C(=O)N2CCCC2C(=O)NC(C(=O)NC(C(=O)N1)CC3=CC=CC=C3)CC(C)C)CC4=CC=CC=C4)C(C)C)CC(C)C)CCS(=O)(=O)C,993.2617,3.6991,258.15,7,10,14,4,2,0.6078431372549019,0,70,0.5571428571428572,O=C1CNC(=O)CNC(=O)C(Cc2ccccc2)NC(=O)CNC(=O)C2CCCN2C(=O)C(Cc2ccccc2)NC(=O)CNC(=O)CN1
2292,CCC(C)C1C(=O)NC(C(=O)NC(C(=O)NC(C(=O)N2CCCC2C(=O)NC(C(=O)NC(C(=O)NC(C(=O)N1)CC3=CNC4=CC=CC=C43)CC5=CC=CC=C5)CC6=CC=CC=C6)CCSC)CC(C)C)CCS(=O)C,1082.3796,3.1894,256.87,8,9,16,6,4,0.5,0,76,0.631578947368421,O=C1CNC(=O)CNC(=O)C(Cc2c[nH]c3ccccc23)NC(=O)C(Cc2ccccc2)NC(=O)C(Cc2ccccc2)NC(=O)C2CCCN2C(=O)CNC(=O)CN1
2293,CCC(C)C1C(=O)NC(C(=O)NC(C(=O)NC(C(=O)N2CCCC2C(=O)NC(C(=O)NC(C(=O)NC(C(=O)N1)CC3=CNC4=CC=CC=C43)CC5=CC=CC=C5)CC6=CC=CC=C6)CCS(=O)C)CC(C)C)CCS(=O)C,1098.379,2.0776,273.94,8,8,16,6,4,0.5,0,77,0.6233766233766234,O=C1CNC(=O)CNC(=O)C(Cc2c[nH]c3ccccc23)NC(=O)C(Cc2ccccc2)NC(=O)C(Cc2ccccc2)NC(=O)C2CCCN2C(=O)CNC(=O)CN1
2299,COC1=C(C2=C[N+]3=C(C=C2C=C1)C4=CC(=C(C=C4CC3)OC)OC)OC,352.4037,3.9344,40.8,0,4,4,4,3,0.2857142857142857,1,26,0.6923076923076923,c1ccc2c(c1)CC[n+]1cc3ccccc3cc1-2
2300,CC(C)C(C)C(=O)C1=C(C(=C(C(C1=O)(CC=C(C)C)O)O)CC=C(C)C)O,376.4865,3.8825,94.83000000000001,3,5,7,1,0,0.5454545454545454,0,27,0.2222222222222222,O=C1C=CC=CC1
2305,C1=C(C=C(C(=C1O)O)O)C(=O)OC2=CC(=CC(=C2O)O)C(=O)OCC3C(C(C(C(O3)OC(=O)C4=CC(=C(C(=C4)OC(=O)C5=CC(=C(C(=C5)O)O)O)O)O)OC(=O)C6=CC(=C(C(=C6)OC(=O)C7=CC(=C(C(=C7)O)O)O)O)O)OC(=O)C8=CC(=C(C(=C8)OC(=O)C9=CC(=C(C(=C9)O)O)O)O)O)OC(=O)C1=CC(=C(C(=C1)OC(=O)C1=CC(=C(C(=C1)O)O)O)O)O,1701.1985,8.1786,777.9800000000005,25,46,31,11,10,0.07894736842105263,0,122,0.5409836065573771,O=C(OCC1OC(OC(=O)c2cccc(OC(=O)c3ccccc3)c2)C(OC(=O)c2cccc(OC(=O)c3ccccc3)c2)C(OC(=O)c2cccc(OC(=O)c3ccccc3)c2)C1OC(=O)c1cccc(OC(=O)c2ccccc2)c1)c1cccc(OC(=O)c2ccccc2)c1
2326,CCC(C)C(=O)C1=C(C(C(C1=O)CC=C(C)C)(C(=O)CC=C(C)C)O[Si](C)(C)C)O[Si](C)(C)C,506.8221,7.1465,69.67,0,5,12,1,0,0.6666666666666666,0,34,0.14705882352941177,O=C1C=CCC1
2327,CC1=NC=C(C(=C1O)CO)CO,169.1778,-0.5144,73.58000000000001,3,4,2,1,1,0.375,0,12,0.5,c1ccncc1
2331,CC1C2C(CC(=C3C(=O)C=C(C3(C2OC1=O)C)CO)C)O,292.327,0.4792,83.83000000000001,2,5,1,3,0,0.625,0,21,0.6190476190476191,O=C1CC2CCC=C3C(=O)C=CC3C2O1
2333,C1=CC=C(C=C1)SC2C(C(C(C(O2)CO)O)O)O,272.3174,0.2164,90.15,4,5,3,2,1,0.5,0,18,0.6666666666666666,c1ccc(SC2CCCCO2)cc1
2334,C1=CC(=CC=C1[N+](=O)[O-])OC2C(C(C(C(O2)CO)O)O)O,301.2494,-0.4474,142.52,4,6,4,2,1,0.5,0,21,0.5714285714285714,c1ccc(OC2CCCCO2)cc1
2335,CCCCCCOC1C(C(C(C(O1)CO)O)O)O,264.3154,0.1362,99.38000000000001,4,6,7,1,0,1.0,0,18,0.3333333333333333,C1CCOCC1
2336,CC(=O)NC1C(C(C(OC1OC2=CC=CC=C2)CO)O)O,297.3038,-0.61,108.25000000000001,4,6,5,2,1,0.5,0,21,0.5714285714285714,c1ccc(OC2CCCCO2)cc1
2337,C1=CC(=CC=C1[N+](=O)[O-])OC2C(C(C(C(O2)CO)O)O)O,301.2494,-0.4474,142.52,4,6,4,2,1,0.5,0,21,0.5714285714285714,c1ccc(OC2CCCCO2)cc1
2338,CC(C)OC(=O)C(C)NP(=O)(COC(C)CN1C=NC2=C(N=CN=C21)N)OC3=CC=CC=C3.CC(C)OC(=O)C(C)NP(=O)(COC(C)CN1C=NC2=C(N=CN=C21)N)OC3=CC=CC=C3.C(=CC(=O)O)C(=O)O,1069.004,2.5548,361.55999999999995,4,16,26,6,6,0.391304347826087,0,74,0.40540540540540543,O=[PH](COCCn1cnc2cncnc21)Oc1ccccc1.O=[PH](COCCn1cnc2cncnc21)Oc1ccccc1
2340,CC(=O)C,58.0791,-0.244,17.07,0,1,0,0,0,0.6666666666666666,0,4,0.0,
2341,CCC(=O)C,72.1057,0.4229,17.07,0,1,1,0,0,0.75,0,5,0.0,
2342,CCCC(=O)C,86.1323,0.8791,17.07,0,1,2,0,0,0.8,0,6,0.0,
2343,CC(C)C=O,72.1057,0.9469,17.07,0,1,1,0,0,0.75,0,5,0.0,
2344,C1CC(=O)OC1,86.0892,0.2765,26.3,0,2,0,1,0,0.75,0,6,0.8333333333333334,O=C1CCCO1
2345,CSSC,94.199,1.3858,0.0,0,0,1,0,0,1.0,0,4,0.0,
2346,CS,48.1075,0.6133,0.0,1,0,0,0,0,1.0,0,2,0.0,
2347,CC1=C(C(=CC=C1)C)OCC(=O)NC(CC2=CC=CC=C2)C(CC(CC3=CC=CC=C3)NC(=O)C(C(C)C)N4CCCNC4=O)O,628.8008,5.6455,120.00000000000001,4,5,17,4,3,0.43243243243243246,0,46,0.5217391304347826,O=C(COc1ccccc1)NC(CCC(Cc1ccccc1)NC(=O)CN1CCCNC1=O)Cc1ccccc1
2348,COC(=O)C1=COC(C(C1CC(=O)OCCC2=CC=C(C=C2)O)C=C)O,362.3738,1.6061,102.29,2,7,9,2,1,0.3684210526315789,0,26,0.46153846153846156,O=C(CC1C=COCC1)OCCc1ccccc1
2349,CC[N+](C)(CC)CCOC(=O)C(C1CCCCC1)(C2=CC=CC=C2)O.[Br-],428.4036,0.2834,46.53,1,3,9,2,1,0.6666666666666666,0,26,0.46153846153846156,c1ccc(CC2CCCCC2)cc1
2350,C1=CC=C(C(=C1)C(=O)O)NC2=CC(=CC=C2)S(F)(F)(F)(F)F,339.281,4.418,49.33,1,0,4,2,2,0.0,0,22,0.5454545454545454,c1ccc(Nc2ccccc2)cc1
2351,C1=CC=C(C(=C1)C(=O)O)NC2=CC(=CC=C2)Cl,247.677,3.6489,49.33,1,0,3,2,2,0.0,0,17,0.7058823529411765,c1ccc(Nc2ccccc2)cc1
2352,C1=CC=C(C(=C1)C(=O)O)NC2=CC(=CC=C2)OC(F)F,279.2388,3.79,58.56,1,1,5,2,2,0.07142857142857142,0,20,0.6,c1ccc(Nc2ccccc2)cc1
2353,CN(C1=CC=CC(=C1)C(F)(F)F)C2=CC=CC=C2C(=O)O,295.2565,4.1327,40.540000000000006,0,0,4,2,2,0.13333333333333333,0,21,0.5714285714285714,c1ccc(Nc2ccccc2)cc1
2354,C1=CC(=CC(=C1)NC2=CC=CC(=C2)C(F)(F)F)C(=O)O,281.2299,3.9268,49.33,1,0,4,2,2,0.07142857142857142,0,20,0.6,c1ccc(Nc2ccccc2)cc1
2355,C1=CC(=CC(=C1)NC2=CC=C(C=C2)C(=O)O)C(F)(F)F,281.2299,3.9268,49.33,1,0,4,2,2,0.07142857142857142,0,20,0.6,c1ccc(Nc2ccccc2)cc1
2356,CC1=C(C=CC=C1NC2=CC=CC=C2C(=O)O)C(F)(F)F,295.2565,4.413,49.33,1,0,4,2,2,0.13333333333333333,0,21,0.5714285714285714,c1ccc(Nc2ccccc2)cc1
2357,CC1=C(C=C(C=C1)NC2=CC=CC=C2C(=O)O)C(F)(F)F,295.2565,4.413,49.33,1,0,4,2,2,0.13333333333333333,0,21,0.5714285714285714,c1ccc(Nc2ccccc2)cc1
2358,CC1=CC(=CC(=C1)NC2=CC=CC=C2C(=O)O)C(F)(F)F,295.2565,4.413,49.33,1,0,4,2,2,0.13333333333333333,0,21,0.5714285714285714,c1ccc(Nc2ccccc2)cc1
2359,CC1=C(C=C(C=C1)C(F)(F)F)NC2=CC=CC=C2C(=O)O,295.2565,4.413,49.33,1,0,4,2,2,0.13333333333333333,0,21,0.5714285714285714,c1ccc(Nc2ccccc2)cc1
2360,C1=CC=C(C(=C1)C(=O)O)NC2=CC=CC(=C2Br)C(F)(F)F,360.126,4.6752,49.33,1,0,4,2,2,0.07142857142857142,0,21,0.5714285714285714,c1ccc(Nc2ccccc2)cc1
2361,C1=CC=C(C(=C1)C(=O)O)NC2=CC(=C(C=C2)Br)C(F)(F)F,360.126,4.6752,49.33,1,0,4,2,2,0.07142857142857142,0,21,0.5714285714285714,c1ccc(Nc2ccccc2)cc1
2362,C1=CC=C(C(=C1)C(=O)O)NC2=CC(=CC(=C2)C(F)(F)F)Br,360.126,4.6752,49.33,1,0,4,2,2,0.07142857142857142,0,21,0.5714285714285714,c1ccc(Nc2ccccc2)cc1
2363,C1=CC=C(C(=C1)C(=O)O)NC2=C(C=CC(=C2)C(F)(F)F)Br,360.126,4.6752,49.33,1,0,4,2,2,0.07142857142857142,0,21,0.5714285714285714,c1ccc(Nc2ccccc2)cc1
2364,C1=CC=C(C(=C1)C(=O)O)NC2=CC(=C(C=C2)C#N)C(F)(F)F,306.2394,3.8057,73.12,1,1,4,2,2,0.06666666666666667,0,22,0.5454545454545454,c1ccc(Nc2ccccc2)cc1
2365,C1=CC=C(C(=C1)C(=O)O)NC2=CC(=CC(=C2)C(F)(F)F)C#N,306.2394,3.8057,73.12,1,1,4,2,2,0.06666666666666667,0,22,0.5454545454545454,c1ccc(Nc2ccccc2)cc1
2366,C1=CC=C(C(=C1)C(=O)O)NC2=C(C=CC(=C2)C(F)(F)F)C#N,306.2394,3.8057,73.12,1,1,4,2,2,0.06666666666666667,0,22,0.5454545454545454,c1ccc(Nc2ccccc2)cc1
2367,C#CC1=CC(=CC(=C1)NC2=CC=CC=C2C(=O)O)C(F)(F)F,305.2513,5.0539,49.33,2,0,4,2,2,0.0625,0,22,0.5454545454545454,c1ccc(Nc2ccccc2)cc1
2368,CC#CC1=CC(=CC(=C1)NC2=CC=CC=C2C(=O)O)C(F)(F)F,319.2779,5.0034,49.33,1,0,4,2,2,0.11764705882352941,0,23,0.5217391304347826,c1ccc(Nc2ccccc2)cc1
2369,C1CCC(C1)C#CC2=CC(=CC(=C2)NC3=CC=CC=C3C(=O)O)C(F)(F)F,373.3683,6.2522,49.33,1,0,4,3,2,0.2857142857142857,0,27,0.6296296296296297,C(#CC1CCCC1)c1cccc(Nc2ccccc2)c1
2370,C1=CC=C(C(=C1)C(=O)O)NC2=CC=CC(=N2)C(F)(F)F,282.218,3.7465,62.22,1,1,4,2,2,0.07692307692307693,0,20,0.6,c1ccc(Nc2ccccn2)cc1
2371,C1=CC=C(C(=C1)C(=O)O)NC2=CC(=NC=C2)C(F)(F)F,282.218,3.2047,62.22,1,1,4,2,2,0.07692307692307693,0,20,0.6,c1ccc(Nc2ccncc2)cc1
2372,C1=CC=C(C(=C1)C(=O)O)NC2=CN=CC(=C2)C(F)(F)F,282.218,2.7762,62.22,1,1,4,2,2,0.07692307692307693,0,20,0.6,c1ccc(Nc2cccnc2)cc1
2373,C1=CC=C(C(=C1)C(=O)O)NC2=NC=CC(=N2)C(F)(F)F,283.206,3.0976,75.11,1,2,4,2,2,0.08333333333333333,0,20,0.6,c1ccc(Nc2ncccn2)cc1
2374,C1=CC=C(C(=C1)C2=NNN=N2)NC3=CC=CC(=N3)C(F)(F)F,306.246,3.8088,79.38,1,4,4,3,3,0.07692307692307693,0,22,0.7727272727272727,c1ccc(Nc2ccccc2-c2nn[nH]n2)nc1
2375,C1=CC=C(C(=C1)C2=NNN=N2)NC3=CC(=NC=C3)C(F)(F)F,306.246,3.267,79.38,1,4,4,3,3,0.07692307692307693,0,22,0.7727272727272727,c1ccc(-c2nn[nH]n2)c(Nc2ccncc2)c1
2376,C1=CC=C(C(=C1)C2=NNN=N2)NC3=NC=CC(=C3)C(F)(F)F,306.246,3.3803,79.38,1,4,4,3,3,0.07692307692307693,0,22,0.7727272727272727,c1ccc(Nc2ccccc2-c2nn[nH]n2)nc1
2377,C1=CC=C(C(=C1)C2=NNN=N2)NC3=NC(=NC=C3)C(F)(F)F,307.234,2.8538,92.27,1,5,4,3,3,0.08333333333333333,0,22,0.7727272727272727,c1ccc(-c2nn[nH]n2)c(Nc2ccncn2)c1
2378,C1=CC=C(C(=C1)C2=NNN=N2)NC3=NC=CC(=N3)C(F)(F)F,307.234,3.1599,92.27,1,5,4,3,3,0.08333333333333333,0,22,0.7727272727272727,c1cnc(Nc2ccccc2-c2nn[nH]n2)nc1
2379,CC1=CC(=NC(=N1)NC2=CC=CC=C2C3=NNN=N3)C(F)(F)F,321.2606,3.4425,92.27000000000001,1,5,4,3,3,0.15384615384615385,0,23,0.7391304347826086,c1cnc(Nc2ccccc2-c2nn[nH]n2)nc1
2380,CC(C)(C)C1=CC(=NC(=N1)NC2=CC=CC=C2C3=NNN=N3)C(F)(F)F,363.3403,4.9888,92.27000000000001,1,5,5,3,3,0.3125,0,26,0.6538461538461539,c1cnc(Nc2ccccc2-c2nn[nH]n2)nc1
2381,C1=CC=C(C(=C1)C2=NNN=N2)NC3=NC(=CC(=O)N3)C(F)(F)F,323.2334,3.4343,112.23999999999998,2,6,4,3,3,0.08333333333333333,0,23,0.7391304347826086,O=c1ccnc(Nc2ccccc2-c2nn[nH]n2)[nH]1
2382,C1=CC=C(C(=C1)C2=NNN=N2)NC3=NC(=CC(=N3)Cl)C(F)(F)F,341.6791,4.0362,92.27,1,5,4,3,3,0.08333333333333333,0,23,0.7391304347826086,c1cnc(Nc2ccccc2-c2nn[nH]n2)nc1
2383,C1=CC=C(C(=C1)C2=NNN=N2)NC3=NC(=CC(=N3)I)C(F)(F)F,433.1306,4.2679,92.27,1,5,4,3,3,0.08333333333333333,0,23,0.7391304347826086,c1cnc(Nc2ccccc2-c2nn[nH]n2)nc1
2384,C1=CC=C(C(=C1)C2=NNN=N2)NC3=NC(=CC(=N3)C(F)(F)F)C#N,332.2435,3.4673,116.06,1,6,4,3,3,0.07692307692307693,0,24,0.7083333333333334,c1cnc(Nc2ccccc2-c2nn[nH]n2)nc1
2385,C#CC1=CC(=NC(=N1)NC2=CC=CC=C2C3=NNN=N3)C(F)(F)F,331.2554,4.7155,92.27000000000001,2,5,4,3,3,0.07142857142857142,0,24,0.7083333333333334,c1cnc(Nc2ccccc2-c2nn[nH]n2)nc1
2387,CCCCOC(=O)CC(CC(=O)OCCCC)(C(=O)OCCCC)OC(=O)C,402.4792,3.7232,105.20000000000002,0,8,19,0,0,0.8,0,28,0.0,
2388,CCOC1=C(C=CC(=C1)C=O)OC(=O)C(C)C,236.2637,2.8189,52.6,0,4,6,1,1,0.38461538461538464,0,17,0.35294117647058826,c1ccccc1
2389,CC1(C2CCC(C2)(C1=O)C)C,152.2334,2.3572,17.07,0,1,0,2,0,0.9,0,11,0.6363636363636364,O=C1CC2CCC1C2
2390,CC1(CCCC2(C1CCC3(C2CC(=O)O3)C)C)C,250.3764,3.4952,26.3,0,2,0,3,0,0.9375,0,18,0.7222222222222222,O=C1CC2C(CCC3CCCCC32)O1
2391,CC1CCCCCCCCCCCCC(=O)C1,238.4088,5.532,17.07,0,1,0,1,0,0.9375,0,17,0.8823529411764706,O=C1CCCCCCCCCCCCCC1
2392,CC(C)C(=O)OC1=C(C=C(C=C1)C=O)OC,222.2372,2.4701,52.60000000000001,0,4,5,1,1,0.3333333333333333,0,16,0.375,c1ccccc1
2393,CCCCCCCC(=O)NC(C)C(=O)OC,229.3159,2.513,55.400000000000006,1,3,10,0,0,0.8333333333333334,0,16,0.0,
2394,CCCC(=O)NC(C)C(=O)OC,173.2096,0.6882,55.400000000000006,1,3,6,0,0,0.75,0,12,0.0,
2403,CCC1=CC(=CC=C1)NC2=CC=CC=C2C(=O)O,241.2851,3.9269,49.33,1,0,4,2,2,0.13333333333333333,0,18,0.6666666666666666,c1ccc(Nc2ccccc2)cc1
2404,C1=CC=C(C(=C1)C(=O)O)NC2=CC(=CC(=C2)C(F)(F)F)C(F)(F)F,349.2279,4.8691,49.33,1,0,5,2,2,0.13333333333333333,0,24,0.5,c1ccc(Nc2ccccc2)cc1
2405,O=C(O)c1ccccc1Nc1cccc(Nc2ccccc2)c1,304.3425,4.5346,61.36,2,0,5,3,3,0.0,0,23,0.782608695652174,c1ccc(Nc2cccc(Nc3ccccc3)c2)cc1
2406,C1=CC=C(C=C1)NC2=CC=CC=C2NC3=CC=CC=C3C(=O)O,304.3425,4.5346,61.36,2,0,5,3,3,0.0,0,23,0.782608695652174,c1ccc(Nc2ccccc2Nc2ccccc2)cc1
2407,C1=CC=C(C=C1)COC2=CC=CC(=C2)NC3=CC=CC=C3C(=O)O,319.3539,4.5516,58.56,1,1,6,3,3,0.05,0,24,0.75,c1ccc(COc2cccc(Nc3ccccc3)c2)cc1
2408,O=C(O)c1cc(F)c(F)cc1Nc1cccc(OCc2ccccc2)c1,355.3348,4.9626,58.56,1,1,6,3,3,0.05,0,26,0.6923076923076923,c1ccc(COc2cccc(Nc3ccccc3)c2)cc1
2409,C1=CC=C2C=C(C=CC2=C1)NC3=CC=CC=C3C(=O)O,263.2906,3.8929,49.33,1,0,3,3,3,0.0,0,20,0.8,c1ccc(Nc2ccc3ccccc3c2)cc1
2410,C1=CC=C2C=C(C=CC2=C1)NC3=CC(=C(C=C3C(=O)O)F)F,299.2715,4.3039,49.33,1,0,3,3,3,0.0,0,22,0.7272727272727273,c1ccc(Nc2ccc3ccccc3c2)cc1
2411,C1=CC=C(C(=C1)C(=O)O)NCC2=CC(=CC=C2)C(F)(F)F,295.2565,3.7689,49.33,1,0,5,2,2,0.13333333333333333,0,21,0.5714285714285714,c1ccc(CNc2ccccc2)cc1
2412,CCC1=CC(=CC=C1)NC2=CC=CC=C2C3=NNN=N3,265.3131,3.9892,66.49000000000001,2,3,4,3,3,0.13333333333333333,0,20,0.85,c1ccc(Nc2ccccc2-c2nn[nH]n2)cc1
2413,c1ccc(-c2nnn[nH]2)c(Nc2ccc3ccccc3c2)c1,287.3186,3.9552,66.49,1,3,3,4,4,0.0,0,22,0.9545454545454546,c1ccc(-c2nnn[nH]2)c(Nc2ccc3ccccc3c2)c1
2414,c1ccc(COc2cccc(Nc3ccccc3-c3nnn[nH]3)c2)cc1,343.3819,4.6139,75.72,1,4,6,4,4,0.05,0,26,0.8846153846153846,c1ccc(COc2cccc(Nc3ccccc3-c3nnn[nH]3)c2)cc1
2415,C1=CC=C(C(=C1)C2=NNN=N2)NC3=CC=CC(=C3)C(F)(F)F,305.2579,3.9891,66.49,1,3,4,3,3,0.07142857142857142,0,22,0.7727272727272727,c1ccc(Nc2ccccc2-c2nn[nH]n2)cc1
2416,C1=CC=C(C(=C1)C2=NNN=N2)NC3=CC(=CC(=C3)C(F)(F)F)C(F)(F)F,373.2559,4.9314,66.49,1,3,5,3,3,0.13333333333333333,0,26,0.6538461538461539,c1ccc(Nc2ccccc2-c2nn[nH]n2)cc1
2417,O=C(O)c1cccc2c1Nc1cc(C(F)(F)F)cc(C(F)(F)F)c1C=C2,373.2493,5.0253,49.33,1,0,3,3,2,0.11764705882352941,0,26,0.5769230769230769,C1=Cc2ccccc2Nc2ccccc21
2444,CC(C)CC(C(=O)NC(CCCN=C(N)N)C(=O)N1CCCC1C(=O)O)N,384.4738,-0.7389,177.13,2,3,13,1,0,0.7647058823529411,0,27,0.18518518518518517,C1CCNC1
2458,C1CC(N(C1)C(=O)C(CC2=CC=CC=C2)NC(=O)C(CC3=CC=CC=C3)N)C(=O)NC(CCCN=C(N)N)C(=O)O,565.6639,0.6852,206.23,3,4,18,3,2,0.41379310344827586,0,41,0.4146341463414634,O=C(CCc1ccccc1)NC(Cc1ccccc1)C(=O)N1CCCC1
2579,CC(C)C[C@H](NC(=O)[C@H](Cc1ccc(O)cc1)NC(=O)[C@H](CCC(N)=O)NC(=O)[C@@H]1CCCN1C(=O)[C@H](CC(C)C)NC(=O)[C@H](C)NC(=O)[C@@H](N)Cc1ccccc1)C(=O)O,851.0,1.2257,292.45000000000005,7,8,29,3,2,0.5348837209302325,0,61,0.2786885245901639,O=C(CCc1ccccc1)NCC(=O)NCC(=O)N1CCC[C@H]1C(=O)NCC(=O)NCCc1ccccc1
2580,CC(C)[C@H](NC(=O)[C@H](Cc1ccccc1)NC(=O)[C@@H](N)Cc1ccccc1)C(=O)N[C@@H](C)C(=O)N1CCC[C@H]1C(=O)N[C@@H](Cc1ccccc1)C(=O)N1CCC[C@H]1C(=O)N[C@@H](CCC(=O)O)C(=O)N[C@H](C(=O)N[C@@H](Cc1ccccc1)C(=O)NCC(=O)N[C@@H](CCCCN)C(=O)N[C@@H](CCC(=O)O)C(=O)O)C(C)C,1513.7327,1.1565,495.55999999999983,10,12,55,6,4,0.4935064935064935,0,109,0.3119266055045872,O=C(CNC(=O)CNC(=O)[C@@H]1CCCN1C(=O)[C@H](Cc1ccccc1)NC(=O)[C@@H]1CCCN1C(=O)CNC(=O)CNC(=O)[C@H](Cc1ccccc1)NC(=O)CCc1ccccc1)NCCc1ccccc1
2581,CSCC[C@H](NC(=O)[C@@H](N)CCC(=O)O)C(=O)N1CCC[C@H]1C(=O)N[C@@H](Cc1ccccc1)C(=O)N1CCC[C@H]1C(=O)N[C@@H](CCCCN)C(=O)N[C@@H](Cc1ccc(O)cc1)C(=O)N1CCC[C@H]1C(=O)O,1008.1903,-0.1757,324.20000000000005,5,9,33,5,2,0.5714285714285714,0,71,0.38028169014084506,O=C(CNC(=O)[C@@H]1CCCN1C(=O)[C@H](Cc1ccccc1)NC(=O)[C@@H]1CCCN1)N[C@@H](Cc1ccccc1)C(=O)N1CCCC1
2586,CC1(C2C1C(N(C2)C(=O)C(C(C)(C)C)NC(=O)C(F)(F)F)C(=O)NC(CC3CCNC3=O)C#N)C,499.5265,0.7998,131.4,3,5,11,3,0,0.782608695652174,0,35,0.3142857142857143,O=C1NCCC1CCNC(=O)C1NCC2CC21
2590,C=CC1C2CCOC(=O)C2=COC1OC3C(C(C(C(O3)CO)O)O)OC(=O)C4=C(C=C(C=C4O)O)C5=CC(=CC=C5)O,586.5407,1.166,201.67,6,13,8,5,2,0.3793103448275862,0,42,0.6666666666666666,O=C1OCCC2CC(OC3OCCCC3OC(=O)c3ccccc3-c3ccccc3)OC=C12
2592,O.O.[Cl-].[Cl-].[Ca+2],147.0146,-5.7618,63.0,2,2,0,0,0,0.0,0,5,0.0,
2593,C1C2C(C3C4C(C5=C(C(=C(C(=C5C(=O)O4)C6=C(C(=C(C(=C6C(=O)O3)C7=C(C(=C(C=C7C(=O)O2)O)O)O)O)O)O)O)O)O)O)OC(=O)C8=CC(=C(C(=C8C9=C(C(=C(C=C9C(=O)O1)O)O)O)O)O)O,934.6295,2.1132,455.1800000000001,16,26,0,9,5,0.14634146341463414,0,67,0.6865671641791045,O=C1OCC2OC(=O)c3ccccc3-c3cccc4c3C(=O)OC(C3Cc5cccc-4c5C(=O)O3)C2OC(=O)c2ccccc2-c2ccccc21
2604,CC(C)C(=NOS(=O)(=O)O)S[C@H]1[C@@H]([C@H]([C@@H]([C@H](O1)CO)O)O)O,360.3812,-1.6619,166.10999999999999,4,8,6,1,0,0.9,0,22,0.2727272727272727,C1CCOCC1
2605,C1C2C(C3C4C(C5=C(C(=C(C(=C5C(=O)O4)C6=C(C(=C(C(=C6C(=O)O3)C7=C(C(=C(C=C7C(=O)O2)O)O)O)O)O)O)O)O)O)C8(C(C(C(O8)CO)O)O)O)OC(=O)C9=CC(=C(C(=C9C2=C(C(=C(C=C2C(=O)O1)O)O)O)O)O)O,1066.7442,0.4747,525.1000000000001,19,30,2,10,5,0.2391304347826087,0,76,0.6710526315789473,O=C1OCC2OC(=O)c3ccccc3-c3cccc4c3C(=O)OC(C2OC(=O)c2ccccc2-c2ccccc21)C1OC(=O)c2c-4cccc2C1C1CCCO1
2610,C1C(C(OC2=C1C(=CC(=C2C3C(C(OC4=CC(=CC(=C34)O)O)C5=CC(=C(C=C5)O)O)O)O)O)C6=CC(=C(C=C6)O)O)O,578.5202,3.3619,220.75999999999996,10,12,3,6,4,0.2,0,42,0.7619047619047619,c1ccc(C2CC(c3cccc4c3OC(c3ccccc3)CC4)c3ccccc3O2)cc1
2611,C1C(C(OC2=C1C(=C(C(=C2)O)C3C(C(OC4=CC(=CC(=C34)O)O)C5=CC(=C(C=C5)O)O)O)O)C6=CC(=C(C=C6)O)O)O,578.5202,3.3619,220.75999999999996,10,12,3,6,4,0.2,0,42,0.7619047619047619,c1ccc(C2CCc3cc(C4CC(c5ccccc5)Oc5ccccc54)ccc3O2)cc1
2612,C1C2C(C3C(C(O2)O)OC(=O)C4=CC(=C(C(=C4C5=C(C(=C(C=C5C(=O)O3)O)O)O)O)O)O)OC(=O)C6=CC(=C(C(=C6C7=C(C(=C8C9=C7C(=O)OC2=C(C(=C(C3=C(C(=C(C=C3C(=O)O1)O)O)O)C(=C92)C(=O)O8)O)O)O)O)O)O)O,1084.7179,2.9384,518.7600000000001,17,30,0,11,8,0.125,0,78,0.7051282051282052,O=C1OC2COC3COC(=O)c4ccccc4-c4ccc5oc(=O)c6c(ccc7oc(=O)c4c5c76)-c4ccccc4C(=O)OC3C2OC(=O)c2ccccc2-c2ccccc21
2620,CC(C(=O)O)N,89.0932,-0.7073,63.31999999999999,0,0,1,0,0,0.6666666666666666,0,6,0.0,
2622,CCC(C)C(=O)C1=C(C(=C(C(C1=O)(CC=C(C)C)O)O)CC=C(C)C)O,362.4599,3.6307,94.83000000000001,3,5,7,1,0,0.5238095238095238,0,26,0.23076923076923078,O=C1C=CC=CC1
2624,CC1C2CC(C(=C)CCC(C(=CC2OC1=O)C)O)O,266.3328,1.8576,66.76,2,4,0,2,0,0.6666666666666666,0,19,0.6842105263157895,C=C1CCCC=CC2OC(=O)CC2CC1
2627,CC(=CCC1=C(C(=C(C=C1O)OC)C(=O)C=CC2=CC=C(C=C2)O)O)C,354.3964,4.6333,86.99000000000001,3,5,6,2,2,0.19047619047619047,0,26,0.46153846153846156,O=C(C=Cc1ccccc1)c1ccccc1
2632,CC1C2CCC3(C(=O)CCC(=C3C2OC1=O)C)C,248.3175,2.4847,43.370000000000005,0,3,0,3,0,0.7333333333333333,0,18,0.7222222222222222,O=C1CC2CCC3C(=O)CCC=C3C2O1
2635,COC1=CC(=CC(=C1O)OC)C2=[O+]C3=CC(=CC(=C3C=C2OC4C(C(C(C(O4)CO)O)O)O)O)O,493.4374,1.1512,189.82999999999998,7,12,6,4,3,0.34782608695652173,1,35,0.6285714285714286,c1ccc(-c2[o+]c3ccccc3cc2OC2CCCCO2)cc1
2639,C1=CC=C(C(=C1)C(=O)C=CC2=C(C=C(C=C2)O)O)O,256.2534,2.7931,77.76,3,4,3,2,2,0.0,0,19,0.631578947368421,O=C(C=Cc1ccccc1)c1ccccc1
2645,C1=CC=C(C=C1)C(=O)C=CC2=CC=C(C=C2)O,224.2546,3.3279,37.3,1,2,3,2,2,0.0,0,17,0.7058823529411765,O=C(C=Cc1ccccc1)c1ccccc1
2646,CCC(C)C(C(=O)NC(CCC(=O)N)C(=O)NC(CC1=CNC2=CC=CC=C21)C(=O)O)N,445.512,0.0566,180.39999999999998,4,3,14,2,2,0.45454545454545453,0,32,0.28125,c1ccc2[nH]ccc2c1
2654,C1=CC=C(C=C1)[C@H](C#N)O[C@H]2[C@@H]([C@H]([C@@H]([C@H](O2)CO)O)O)O,295.2879,-0.6554,123.17000000000002,4,7,4,2,1,0.5,0,21,0.5714285714285714,c1ccc(CO[C@H]2CCCCO2)cc1
2690,C1CN(CCC1=O)C2=CC(=CC=C2)F,193.2175,1.8221,20.310000000000002,0,1,1,2,1,0.36363636363636365,0,14,0.8571428571428571,O=C1CCN(c2ccccc2)CC1
2691,COC1=C(C=C(C=C1)C2=COC3=CC(=CC(=C3C2=O)O)OC)O,314.2895,2.8719,89.13000000000001,2,6,3,3,3,0.11764705882352941,0,23,0.6956521739130435,O=c1c(-c2ccccc2)coc2ccccc12
2695,C1=CC(=CC=C1C(C#N)O)O[C@H]2[C@@H]([C@H]([C@@H]([C@H](O2)CO)O)O)O,311.2873,-1.0803,143.4,5,8,4,2,1,0.5,0,22,0.5454545454545454,c1ccc(O[C@H]2CCCCO2)cc1
2696,C1=CC=C(C=C1)CC(C(=O)NC2=CC3=CC=CC=C3C=C2)NC(=O)CN,347.4103,1.9971,84.22,2,2,8,3,3,0.14285714285714285,0,26,0.6153846153846154,O=C(CCc1ccccc1)Nc1ccc2ccccc2c1
2699,C/C2=C\CC(O)/C(C)=C/[C@H]1OC(=O)[C@@H](C)C1CC2,250.3334,2.9056,46.53,1,3,0,2,0,0.6666666666666666,0,18,0.7222222222222222,O=C1CC2CCC=CCC/C=C/[C@H]2O1
2705,C[C@@]1(CO[C@H]2O[C@@H](CO)[C@H](O)[C@@H](O)[C@@H]2O)O[C@H]1C#N,275.2552,-2.3175,135.70000000000002,4,8,4,2,0,0.9090909090909091,0,19,0.47368421052631576,C1CC[C@@H](OCC2CO2)OC1
2709,COC1=C(C=C(C=C1)CCCOC(=O)CCC2=CC(=C(C=C2)OC)OC)OC,388.4541,4.4717,63.22000000000001,0,6,12,2,2,0.4090909090909091,0,28,0.42857142857142855,O=C(CCc1ccccc1)OCCCc1ccccc1
